,tconst,primaryTitle,originalTitle,startYear,endYear,runtimeMinutes,numVotes,label
2,tt0009369,Mickey,Mickey,1918,\N,93,1119.0,False
15,tt0014142,The Hunchback of Notre Dame,,\N,1923,133,5288.0,True
21,tt0014945,Girl Shy,Girl Shy,1924,\N,87,3327.0,True
45,tt0017048,A Page of Madness,,1926,\N,70,3357.0,True
48,tt0017350,The Scarlet Letter,,1926,\N,115,1768.0,True
51,tt0017961,Happiness,,1935,\N,95,1080.0,True
52,tt0018054,Thé King ớf Kings,The King of Kings,1927,\N,160,2081.0,True
59,tt0018578,Wings,,1927,\N,144,,True
72,tt0019429,Street Angel,Street Angel,1928,\N,102,2314.0,True
79,tt0020768,City Girl,,1930,\N,77,3199.0,True
98,tt0022599,À Nous la Liberté,À nous la liberté,1931,\N,104,4392.0,True
154,tt0027075,A Tale of Two Cities,A Tale of Two Cities,1935,\N,128,5596.0,True
161,tt0027441,Charlie Chan at the Race Track,Charlie Chan at the Race Track,1936,\N,70,1461.0,True
184,tt0028575,Ángél,,1937,\N,91,2698.0,True
219,tt0031002,Thé Yớúng in Héárt,The Young in Heart,1938,\N,90,1332.0,True
220,tt0031022,The Adventures of Sherlock Holmes,,1939,\N,85,6616.0,True
221,tt0031088,Beau Geste,,1939,\N,112,,True
224,tt0031149,Charlie Chan in Reno,Charlie Chan in Reno,1939,\N,71,1366.0,True
241,tt0031754,On Borrowed Time,On Borrowed Time,1939,\N,99,1896.0,True
245,tt0031867,The Roaring Twenties,,1939,\N,106,13611.0,True
264,tt0032484,Foreign Correspondent,Foreign Correspondent,1940,\N,120,19974.0,True
269,tt0032701,The Letter,The Letter,1940,\N,95,12714.0,True
284,tt0033477,Come Live with Me,,1941,\N,86,2011.0,True
285,tt0033532,All That Money Can Buy,All That Money Can Buy,\N,1941,107,4908.0,True
288,tt0033677,The Great Lie,,1941,\N,108,3811.0,True
296,tt0033836,The Little Foxes,,1941,\N,116,11473.0,True
298,tt0033873,Man Hunt,Man Hunt,\N,1941,105,5231.0,True
299,tt0033874,The Man Who Came to Dinner,The Man Who Came to Dinner,1942,\N,112,7446.0,True
315,tt0034694,Édgé ớf Dárknéss,,1943,\N,119,2249.0,True
332,tt0035417,The Talk of the Town,,1942,\N,118,8004.0,True
344,tt0036098,Lassie Come Home,,1943,\N,89,5312.0,True
349,tt0036342,Shadow of a Doubt,,1943,\N,108,63245.0,True
353,tt0036430,This Is thé Ármy,,1943,\N,121,1125.0,False
376,tt0037323,The Fighting Sullivans,,1944,\N,112,2182.0,True
378,tt0037415,Thé Úninvitéd,,1944,\N,99,10837.0,True
402,tt0038559,Gilda,,1946,\N,110,31218.0,True
419,tt0038975,The Spiral Staircase,The Spiral Staircase,1946,\N,83,9752.0,True
443,tt0039677,Odd Man Out,,1947,\N,116,9778.0,True
459,tt0040495,Johnny Belinda,Johnny Belinda,1948,\N,102,4659.0,True
499,tt0041928,The Stratton Story,The Stratton Story,1949,\N,106,,True
500,tt0041954,Ténsiớn,,1949,\N,95,2841.0,True
506,tt0042210,Utopia,,1950,\N,100,1961.0,False
521,tt0042898,The Rocking Horse Winner,The Rocking Horse Winner,\N,1949,91,1137.0,True
524,tt0042994,Stage Fright,,1950,\N,110,13796.0,True
527,tt0043137,Winchester '73,,1950,\N,92,19181.0,True
555,tt0044406,Bela Lugosi Meets a Brooklyn Gorilla,,1952,\N,74,2431.0,False
556,tt0044418,Big Jim McLáin,Big Jim McLain,1952,\N,90,2109.0,False
573,tt0045161,The Sniper,,1952,\N,88,3221.0,True
584,tt0045555,The Big Heat,,1953,\N,89,25741.0,True
591,tt0045883,Hondo,,1953,\N,83,10528.0,True
597,tt0046031,The Man Between,The Man Between,1953,\N,100,1985.0,True
599,tt0046183,Pétér Pán,,1953,\N,77,133598.0,True
606,tt0046511,Journey to Italy,Viaggio in Italia,1954,\N,85,10024.0,True
607,tt0046672,"20,000 Leagues Under the Sea","20,000 Leagues Under the Sea",1954,\N,127,32615.0,True
621,tt0047444,Samurai I: Musashi Miyamoto,,1954,\N,93,8299.0,True
631,tt0047834,Animal Farm,Animal Farm,1954,\N,72,16651.0,True
634,tt0047892,Bớb lé Flámbéúr,Bob le flambeur,1956,\N,98,11596.0,True
637,tt0048002,Don Camillo e l'on. Peppone,,1955,\N,97,2039.0,True
642,tt0048275,Merry-Go-Round,,1956,\N,95,1388.0,True
659,tt0048641,Smiles of a Summer Night,Sommarnattens leende,1955,\N,109,13273.0,True
660,tt0048673,Summertime,Summertime,1955,\N,102,8261.0,True
661,tt0048682,Swamp Women,Swamp Women,1956,\N,84,1842.0,False
665,tt0048820,Princess Yang Kwei-fei,,1955,\N,98,1812.0,True
667,tt0048947,Anastasia,Anastasia,1956,\N,105,8251.0,True
669,tt0048981,The Band of Honest Men,La banda degli onesti,1956,\N,106,1386.0,True
685,tt0049470,The Man Who Knew Too Much,The Man Who Knew Too Much,1956,\N,120,62173.0,True
703,tt0049871,A Town Like Alice,A Town Like Alice,\N,1956,117,1579.0,True
728,tt0050783,Nights of Cabiria,Le notti di Cabiria,1957,\N,110,,True
738,tt0051082,Quiet Flows the Don,,1957,\N,330,,True
739,tt0051087,The Tin Star,The Tin Star,1957,\N,93,5635.0,True
752,tt0051792,The Music Room,,1958,\N,100,5731.0,True
755,tt0051899,Man of the West,,1958,\N,100,7608.0,True
761,tt0052017,Brink of Life,,1958,\N,84,2864.0,True
774,tt0052311,Touch of Evil,,1958,\N,95,102193.0,True
775,tt0052357,Vertigo,Vertigo,1958,\N,128,386315.0,True
782,tt0052611,The Giant Behemoth,,1959,\N,80,2531.0,False
784,tt0052654,The Bridge,Die Brücke,1959,\N,103,7593.0,True
805,tt0053050,Marie-Octobre,,1959,\N,90,1173.0,True
814,tt0053241,Sántá Cláús,Santa Claus,1959,\N,94,4838.0,False
823,tt0053403,The Cow and I,La vache et le prisonnier,1959,\N,118,1408.0,True
834,tt0053651,Béyớnd thé Timé Bárriér,,1960,\N,75,1452.0,False
839,tt0053779,La Dolce Vita,La dolce vita,1960,\N,174,70579.0,True
859,tt0054195,Pớllyánná,Pollyanna,\N,1960,134,,True
860,tt0054198,Névér ớn Súndáy,Pote tin Kyriaki,1960,\N,91,5559.0,True
868,tt0054333,Horrors of Spider Island,,1960,\N,89,3926.0,False
879,tt0054476,Wild River,,1960,\N,110,5157.0,True
888,tt0054745,Chronicle of a Summer,Chronique d'un été (Paris 1960),1961,\N,85,2870.0,True
900,tt0055153,Mớthér Jớán ớf thé Ángéls,Matka Joanna od Aniolów,1961,\N,110,3154.0,True
917,tt0055614,West Side Story,West Side Story,1961,\N,153,104194.0,True
920,tt0055724,The Expedition,Abhijaan,1962,\N,150,1171.0,True
922,tt0055796,Billy Búdd,Billy Budd,\N,1962,123,4216.0,True
925,tt0055830,Carnival of Souls,,1962,\N,78,23396.0,True
928,tt0055884,Dámn thé Défiánt!,H.M.S. Defiant,\N,1962,101,,True
931,tt0055972,Experiment in Terror,,1962,\N,123,5071.0,True
956,tt0056444,An Autumn Afternoon,Sanma no aji,1962,\N,113,8764.0,True
959,tt0056628,"The Stars Will Tell, Inspector Palmu","Tähdet kertovat, komisario Palmu.",1962,\N,100,1155.0,True
963,tt0056825,America America,America America,1963,\N,174,5338.0,True
969,tt0056966,Fámily Pớrtráit,,1962,\N,113,,True
971,tt0056983,Dementia 13,,1963,\N,75,,False
1023,tt0058382,Murder Ahoy,Murder Ahoy,1964,\N,93,5025.0,True
1024,tt0058384,Muscle Beach Party,,1964,\N,95,1579.0,False
1039,tt0058642,Shadows of Forgotten Ancestors,,1965,\N,97,6723.0,True
1049,tt0059037,The Cincinnati Kid,,1965,\N,102,16161.0,True
1058,tt0059260,Help!,Help!,1965,\N,92,19371.0,True
1060,tt0059309,In Hárm's Wáy,In Harm's Way,1965,\N,165,,True
1069,tt0059573,A Patch of Blue,A Patch of Blue,1965,\N,105,8037.0,True
1076,tt0059740,The Sons of Katie Elder,,1965,\N,122,16891.0,True
1080,tt0059855,Havoc in Heaven,Da nao tian gong,1963,\N,114,1942.0,True
1084,tt0059893,Waqt,,1965,\N,178,,True
1090,tt0060186,"Boy, Did I Get a Wrong Number!",,\N,1966,99,1096.0,False
1102,tt0060560,Thé Pớrnớgráphérs,Erogotoshi-tachi yori: Jinruigaku nyûmon,1966,\N,128,2271.0,True
1103,tt0060574,Young Törless,,1966,\N,87,,True
1126,tt0061203,Women of the Prehistoric Planet,,1966,\N,90,1095.0,False
1150,tt0061653,Fathom,Fathom,\N,1967,99,1531.0,False
1170,tt0062089,Our Mother's House,,1967,\N,104,,True
1179,tt0062310,The Stranger,Lo straniero,1967,\N,104,2525.0,True
1183,tt0062456,"War and Peace, Part IV: Pierre Bezukhov",,1967,\N,100,1300.0,True
1190,tt0062759,The Diamond Arm,,1969,\N,94,14149.0,True
1199,tt0062994,Funny Girl,,1968,\N,151,21696.0,True
1212,tt0063260,The Magus,,\N,1968,117,1698.0,False
1216,tt0063374,The Odd Couple,The Odd Couple,1968,\N,105,33858.0,True
1230,tt0063787,Vixen!,Vixen!,1968,\N,70,2755.0,False
1237,tt0064040,Ármy ớf Shádớws,L'armée des ombres,1969,\N,145,22660.0,True
1244,tt0064208,Death Rides a Horse,,1967,\N,120,8000.0,True
1269,tt0065067,The Witness,,1969,\N,105,6676.0,True
1301,tt0066078,Michael the Brave,Mihai Viteazul,1971,\N,203,6295.0,True
1307,tt0066237,The Adversary,Pratidwandi,1970,\N,110,,True
1313,tt0066473,Tora! Tora! Tora!,,1970,\N,144,33371.0,True
1321,tt0066546,Why Dớés Hérr R. Rún Ámớk?,,1970,\N,88,2532.0,True
1324,tt0066580,Wớớdstớck,Woodstock,1970,\N,184,16883.0,True
1328,tt0066758,Amar Prem,,1972,\N,143,1676.0,True
1335,tt0066848,Blớớd ánd Lácé,,1971,\N,87,1029.0,False
1346,tt0067093,Fiddler on the Roof,,1971,\N,181,,True
1362,tt0067439,Mon Oncle Antoine,,1971,\N,104,2833.0,True
1365,tt0067491,Night of Dark Shadows,Night of Dark Shadows,1971,\N,95,1556.0,False
1366,tt0067515,Octaman,,1971,\N,79,1076.0,False
1369,tt0067595,The Point,,1971,\N,90,2654.0,True
1379,tt0067815,Sinbad,,1971,\N,90,1479.0,True
1397,tt0068282,Black Mama White Mama,,1973,\N,87,3110.0,False
1401,tt0068348,The Castle of Purity,El castillo de la pureza,1973,\N,110,1507.0,True
1405,tt0068415,Seven Deaths in the Cat's Eyes,,1973,\N,95,1413.0,False
1412,tt0068629,Street Mobster,,1972,\N,88,,True
1434,tt0069120,Indián Súmmér,,1972,\N,132,2046.0,True
1435,tt0069172,Reminiscences of a Journey to Lithuania,Reminiscences of a Journey to Lithuania,1972,\N,88,,True
1438,tt0069281,Sleuth,,1972,\N,138,46745.0,True
1447,tt0069518,The New One-Armed Swordsman,Xin du bi dao,1971,\N,98,1508.0,True
1458,tt0069909,Un comisar acuzã,,1974,\N,114,1007.0,True
1485,tt0070544,Fantastic Planet,,1973,\N,72,28823.0,True
1486,tt0070641,Sláp thé Mớnstér ớn Págé Ớné,Sbatti il mostro in prima pagina,1972,\N,86,1260.0,True
1490,tt0070694,"Silent Night, Bloody Night",,1972,\N,81,4179.0,False
1505,tt0071222,Bláck Christmás,Black Christmas,1974,\N,98,37871.0,True
1508,tt0071359,Immoral Tales,Contes immoraux,1973,\N,103,4469.0,False
1516,tt0071607,Herbie Rides Again,,\N,1974,88,7849.0,False
1531,tt0072317,The Trial of Billy Jack,The Trial of Billy Jack,\N,1974,170,1350.0,False
1537,tt0072750,Bug,Bug,1975,\N,99,,False
1538,tt0072752,The Beast,La bête,1975,\N,98,4656.0,False
1554,tt0073008,Thé Fớrtúné,,1975,\N,88,2705.0,False
1564,tt0073345,The Man in the Glass Booth,,1975,\N,117,1227.0,True
1578,tt0073781,Queen of the Gypsies,,1976,\N,101,1579.0,True
1579,tt0073817,Swept Away,,\N,1974,114,5910.0,True
1582,tt0074157,At the Earth's Core,,1976,\N,89,,False
1593,tt0074400,The Desert of the Tartars,,1976,\N,140,2140.0,True
1594,tt0074408,Jack the Ripper,Jack the Ripper,1976,\N,92,1667.0,False
1601,tt0074486,Eraserhead,Eraserhead,1977,\N,89,110859.0,True
1614,tt0074695,Crớss ớf Irớn,,1977,\N,132,26186.0,True
1615,tt0074720,The Toy,,1976,\N,95,5087.0,True
1618,tt0074749,The Killing of a Chinese Bookie,,1976,\N,135,12464.0,True
1633,tt0075164,Satan's Slave,Satan's Slave,1976,\N,86,1812.0,False
1640,tt0075648,Airport '77,Airport '77,1977,\N,114,10430.0,False
1647,tt0075753,Bilitis,Bilitis,1977,\N,95,1906.0,False
1659,tt0075993,An Enemy of the People,,1978,\N,103,1369.0,True
1660,tt0076001,La escopeta nacional,,\N,1978,95,1810.0,True
1665,tt0076161,The Hound of the Baskervilles,,1978,\N,85,1112.0,False
1669,tt0076276,Who's Singin' Over There?,,\N,1980,86,14982.0,True
1675,tt0076417,Mr. Billion,Mr. Billion,1977,\N,89,1192.0,False
1681,tt0076727,Office Romance,,1977,\N,159,8854.0,True
1687,tt0076825,Tintorera: Killer Shark,¡Tintorera!,1977,\N,126,1308.0,False
1688,tt0076855,"One Sings, the Other Doesn't",,1977,\N,120,1742.0,True
1690,tt0076935,The Yellow Handkerchief,,1977,\N,108,1083.0,True
1695,tt0077234,The Big Sleep,The Big Sleep,\N,1978,99,4646.0,False
1705,tt0077416,The Deer Hunter,The Deer Hunter,1978,\N,183,327327.0,True
1721,tt0077766,Jáws 2,,1978,\N,116,75889.0,False
1738,tt0078517,Warriors Two,,1978,\N,95,,True
1761,tt0079219,Going in Style,Going in Style,1979,\N,97,3099.0,True
1792,tt0080149,Wớyzéck,Woyzeck,1979,\N,80,9496.0,True
1815,tt0080934,The Island,The Island,1980,\N,109,,False
1823,tt0081269,Oh Heavenly Dog,Oh Heavenly Dog,1980,\N,103,2516.0,False
1831,tt0081616,La terrazza,,1980,\N,150,1500.0,True
1843,tt0082158,Cháriớts ớf Firé,Chariots of Fire,1981,\N,125,58079.0,True
1853,tt0082346,Evilspeak,Evilspeak,\N,1981,97,4027.0,False
1860,tt0082432,Gallipoli,,1981,\N,110,38701.0,True
1868,tt0082559,Hell of the Living Dead,Virus,1980,\N,99,5089.0,False
1881,tt0082796,Naram Garam,Naram Garam,\N,1981,122,1030.0,True
1892,tt0082979,Reds,Reds,1981,\N,195,22199.0,True
1903,tt0083248,Umrao Jaan,Umrao Jaan,1981,\N,145,1025.0,True
1907,tt0083275,Variola Vera,Variola vera,1982,\N,110,2583.0,True
1911,tt0083349,Yaarana,Yaarana,1981,\N,138,,True
1923,tt0083833,Diner,,1982,\N,110,20435.0,True
1924,tt0083865,Dögkeselyü,Dögkeselyü,1982,\N,115,1078.0,True
1940,tt0084345,My Friend Ivan Lapshin,,1985,\N,100,2279.0,True
1948,tt0084465,Thé Préfáb Péớplé,Panelkapcsolat,1982,\N,102,1118.0,True
1951,tt0084516,Poltergeist,,1982,\N,114,155169.0,True
1952,tt0084518,Flights in Dreams and in Reality,,1983,\N,92,1118.0,True
1962,tt0084684,Silent Rage,,1982,\N,100,5591.0,False
1968,tt0084777,Tenebrae,Tenebre,1982,\N,101,,True
1972,tt0084809,The Toy,,1982,\N,102,13125.0,False
1977,tt0084899,White Dog,,1982,\N,90,9448.0,True
1989,tt0085328,The Key,,1983,\N,116,2770.0,False
1992,tt0085370,Entre Nous,,1983,\N,110,1823.0,True
2000,tt0085514,The Exterminators of the Year 3000,Il giustiziere della strada,\N,1983,83,1129.0,False
2012,tt0085776,Katha,,1983,\N,141,1187.0,True
2047,tt0086370,The Sting II,The Sting II,1983,\N,101,2199.0,False
2049,tt0086394,Die Supernasen,Die Supernasen,\N,1983,88,1093.0,False
2073,tt0086981,Blớớdbáth át thé Hớúsé ớf Déáth,Bloodbath at the House of Death,1984,\N,92,1721.0,False
2092,tt0087469,Indiana Jones and the Temple of Doom,Indiana Jones and the Temple of Doom,1984,\N,118,469229.0,True
2096,tt0087589,Lassiter,Lassiter,1984,\N,100,2417.0,False
2111,tt0087884,"Paris, Texas",,1984,\N,145,100864.0,True
2126,tt0088286,Top Secret!,,1984,\N,90,64256.0,True
2129,tt0088334,Urusei Yatsura 2: Beautiful Dreamer,,1984,\N,98,,True
2139,tt0088847,Thé Bréákfást Clúb,The Breakfast Club,1985,\N,97,376441.0,True
2146,tt0088993,Day of the Dead,,1985,\N,101,66989.0,True
2149,tt0089066,Detective,,1985,\N,95,1930.0,False
2154,tt0089200,Ghoulies,,1984,\N,81,9022.0,False
2161,tt0089378,Making Contact,Joey,1985,\N,98,1491.0,False
2166,tt0089562,Massacre in Dinosaur Valley,,1985,\N,88,1976.0,False
2178,tt0089755,Ớút ớf Áfricá,,1985,\N,161,77040.0,True
2188,tt0089960,Vagabond,Sans toit ni loi,1985,\N,105,10520.0,True
2193,tt0090110,Sweet Dreams,Sweet Dreams,1985,\N,115,,True
2197,tt0090196,Transylvania 6-5000,,1985,\N,93,7399.0,False
2211,tt0090750,Blớớd Hớớk,Blood Hook,1986,\N,92,1165.0,False
2215,tt0090859,Cobra,,1986,\N,87,70908.0,False
2232,tt0091209,The Hitcher,,1986,\N,97,46000.0,True
2237,tt0091306,Jumpin' Jack Flash,,1986,\N,105,19058.0,False
2258,tt0091778,Poltergeist II: The Other Side,Poltergeist II: The Other Side,1986,\N,91,26551.0,False
2266,tt0091969,Slaughter High,,1986,\N,90,5894.0,False
2267,tt0091982,The Loner,Le solitaire,1987,\N,100,1536.0,False
2271,tt0092112,Trick or Treat,,1986,\N,98,6561.0,False
2295,tt0092713,H.M. Deserters,C.K. Dezerterzy,1986,\N,155,,True
2296,tt0092723,The Care Bears Adventure in Wonderland,,1987,\N,80,1179.0,False
2339,tt0093516,Meatballs III: Summer Job,Meatballs III: Summer Job,1986,\N,96,2438.0,False
2345,tt0093640,No Way Out,,1987,\N,114,38491.0,True
2350,tt0093776,Prick Úp Yớúr Éárs,,1987,\N,105,5971.0,True
2352,tt0093800,Psychos in Love,Psychos in Love,1987,\N,88,1197.0,False
2366,tt0094048,Straight to Hell Returns,Straight to Hell,1987,\N,86,2500.0,False
2377,tt0094336,Withnail & I,,1987,\N,107,42611.0,True
2381,tt0094593,18 Again!,18 Again!,1988,\N,93,4532.0,False
2386,tt0094675,Ariel,Ariel,1988,\N,72,6682.0,True
2397,tt0094834,Cannibal Women in the Avocado Jungle of Death,,1989,\N,90,2943.0,False
2402,tt0094890,Cớcớớn: Thé Rétúrn,,1988,\N,116,16088.0,False
2406,tt0095040,Dáys ớf Éclipsé,,\N,1988,139,1009.0,True
2409,tt0095178,Frésh Hớrsés,Fresh Horses,1988,\N,105,1855.0,False
2412,tt0095222,Glitch!,,1988,\N,88,,False
2423,tt0095403,Police Story 2,,1988,\N,101,18936.0,True
2428,tt0095468,A Short Film About Killing,Krótki film o zabijaniu,1988,\N,84,19208.0,True
2449,tt0095956,Rambo III,,1988,\N,102,127431.0,False
2454,tt0096046,Scarecrows,Scarecrows,1988,\N,83,4954.0,False
2458,tt0096219,Talk Radio,,1988,\N,110,13352.0,True
2463,tt0096328,U2: Rattle and Hum,U2: Rattle and Hum,1988,\N,99,5843.0,True
2464,tt0096329,Ubit drakona,,1988,\N,123,1595.0,True
2467,tt0096344,Thé Únnámáblé,The Unnamable,1988,\N,87,2640.0,False
2478,tt0097106,A Tale of Springtime,,1990,\N,108,4328.0,True
2482,tt0097216,Do the Right Thing,Do the Right Thing,1989,\N,120,97795.0,True
2494,tt0097390,Fright Night Part 2,Fright Night Part 2,1988,\N,104,12374.0,False
2504,tt0097573,In the Cold of the Night,In the Cold of the Night,1990,\N,112,1601.0,False
2516,tt0097851,Mathilukal,,1990,\N,120,1214.0,True
2536,tt0098258,Say Anything,Say Anything...,1989,\N,100,86849.0,True
2544,tt0098360,Violent Cop,"Sono otoko, kyôbô ni tsuki",1989,\N,103,11467.0,True
2545,tt0098375,Spontaneous Combustion,,1990,\N,97,2552.0,False
2546,tt0098465,"Thélớniớús Mớnk: Stráight, Nớ Chásér","Thelonious Monk: Straight, No Chaser",1988,\N,90,1193.0,True
2554,tt0099073,Avalon,,1990,\N,128,,True
2572,tt0099520,Évérybớdy Wins,,1990,\N,97,1162.0,False
2613,tt0100608,The Shrimp on the Barbie,The Shrimp on the Barbie,\N,1990,90,1270.0,False
2615,tt0100649,Solar Crisis,,1990,\N,112,1894.0,False
2624,tt0101258,Days of Being Wild,Ah Fei jing juen,1990,\N,100,20706.0,True
2637,tt0101597,Closet Land,,1991,\N,89,2776.0,True
2638,tt0101605,Thé Cớmmitménts,,\N,1991,118,34487.0,True
2639,tt0101615,Cool as Ice,,1991,\N,91,9532.0,False
2640,tt0101627,Critters 3,Critters 3,1991,\N,86,11828.0,False
2647,tt0101732,Dil Ááshná Hái (...Thé Héárt Knớws),,1992,\N,164,,False
2653,tt0101985,A Brighter Summer Day,,1991,\N,237,9305.0,True
2656,tt0102015,Hearts of Darkness: A Filmmaker's Apocalypse,,1991,\N,96,20426.0,True
2661,tt0102269,Last Dance,Last Dance,1992,\N,83,1482.0,False
2662,tt0102340,Love Crimes,,1992,\N,90,1121.0,False
2679,tt0102815,Calls Controlled,Rozmowy kontrolowane,1991,\N,93,1472.0,True
2682,tt0102849,Scenes from a Mall,,1991,\N,89,4913.0,False
2690,tt0103030,High Heels,Tacones lejanos,1991,\N,112,15044.0,True
2711,tt0103939,Chaplin,Chaplin,1992,\N,143,56207.0,True
2741,tt0104770,Royal Tramp,,1992,\N,106,3538.0,True
2742,tt0104782,Leolo,,1992,\N,107,6933.0,True
2752,tt0105059,Only You,Only You,1992,\N,85,2796.0,False
2760,tt0105271,Roja,,1992,\N,137,,True
2769,tt0105488,Strictly Ballroom,,1992,\N,94,26468.0,True
2771,tt0105597,Timébớmb,,1991,\N,96,1758.0,False
2782,tt0105871,Year of the Comet,Year of the Comet,1992,\N,91,1607.0,False
2785,tt0106257,American Ninja 5,American Ninja 5,\N,1993,102,,False
2797,tt0106455,Boiling Point,Boiling Point,1993,\N,92,5952.0,False
2801,tt0106521,Carnosaur,Carnosaur,\N,1993,83,,False
2804,tt0106655,Dámini,Damini,1993,\N,175,3364.0,True
2813,tt0106913,Fire on the Amazon,Fire on the Amazon,1993,\N,87,2628.0,False
2825,tt0107209,"Faraway, So Close!",,1993,\N,144,,True
2834,tt0107472,"The Wonderful, Horrible Life of Leni Riefenstahl",Die Macht der Bilder: Leni Riefenstahl,1993,\N,183,2915.0,True
2842,tt0107719,Thé Nútcráckér,,1993,\N,92,2014.0,False
2846,tt0107870,Prehysteria!,,1993,\N,84,1872.0,False
2854,tt0108137,Thé Silvér Brúmby,The Silver Brumby,\N,1993,93,1105.0,False
2856,tt0108162,Sliver,Sliver,\N,1993,107,30542.0,False
2868,tt0108350,Night Terrors,,1993,\N,98,1361.0,False
2872,tt0108504,Fớr á Lớst Sớldiér,Voor een verloren soldaat,1992,\N,92,4456.0,True
2880,tt0109000,00 Schnéidér - Jágd áúf Nihil Báxtér,,1994,\N,90,2583.0,True
2889,tt0109348,Bullets Over Broadway,,\N,1994,98,38215.0,True
2891,tt0109402,The Chase,The Chase,1994,\N,97,20788.0,False
2897,tt0109447,Clifford,,1994,\N,90,7531.0,False
2910,tt0109702,Cold Water,,1994,\N,95,,True
2918,tt0109842,Frésh,,\N,1994,114,12966.0,True
2926,tt0110052,Hong Kong 97,,1994,\N,91,1131.0,False
2938,tt0110251,Nobody Loves Me,,1994,\N,104,1178.0,True
2943,tt0110308,Thé Lást Sédúctiớn,,1994,\N,110,22686.0,True
2956,tt0110657,The Next Karate Kid,,1994,\N,107,28950.0,False
2958,tt0110668,Night of the Running Man,Night of the Running Man,1995,\N,93,1679.0,False
2960,tt0110712,Of Love and Shadows,,\N,1994,105,,False
2994,tt0112379,Antonia's Line,Antonia,1995,\N,102,8649.0,True
3001,tt0112492,Beware: Children at Play,,1989,\N,94,,False
3008,tt0112619,Midaq Alley,El Callejón de los Milagros,1995,\N,140,3074.0,True
3018,tt0112851,Desperado,,1995,\N,104,,True
3019,tt0112864,Dié Hárd with á Véngéáncé,,1995,\N,128,376238.0,True
3025,tt0113074,Fist of the North Star,,1995,\N,103,3286.0,False
3029,tt0113253,Halloween: The Curse of Michael Myers,Halloween: The Curse of Michael Myers,\N,1995,87,35105.0,False
3039,tt0113540,Kids,,1995,\N,91,76442.0,True
3055,tt0113828,Les Misérables,,1995,\N,175,3788.0,True
3090,tt0114787,Underground,,1995,\N,170,57292.0,True
3104,tt0115610,Bad Moon,Bad Moon,1996,\N,80,6601.0,False
3113,tt0115685,Thé Birdcágé,,1996,\N,117,85775.0,True
3114,tt0115701,Blast,,1997,\N,99,1574.0,False
3153,tt0116681,Body Troopers,,1996,\N,91,1069.0,False
3173,tt0116922,Lost Highway,Lost Highway,1997,\N,134,137572.0,True
3186,tt0117283,The Pallbearer,The Pallbearer,1996,\N,98,10269.0,False
3188,tt0117315,The Father,,1996,\N,91,1461.0,True
3227,tt0118540,4 Little Girls,4 Little Girls,1997,\N,102,3181.0,True
3234,tt0118715,The Big Lebowski,The Big Lebowski,1998,\N,117,773595.0,True
3252,tt0119038,Le Dîner de Cons,Le dîner de cons,1998,\N,80,40379.0,True
3259,tt0119116,The Fifth Element,The Fifth Element,\N,1997,126,454017.0,True
3260,tt0119137,Flubber,,1997,\N,93,87605.0,False
3285,tt0119457,Kicked in the Head,Kicked in the Head,1997,\N,87,1036.0,False
3290,tt0119561,The Long Way Home,,1997,\N,120,1141.0,True
3297,tt0119707,Mortal Kombat: Annihilation,,1997,\N,95,53365.0,False
3303,tt0119889,The Phantom of the Opera,,1998,\N,99,5390.0,False
3304,tt0119910,Polish Wedding,Polish Wedding,1998,\N,105,3261.0,False
3306,tt0119981,Hikers,Les randonneurs,1997,\N,95,1794.0,False
3311,tt0120087,Thé Sécớnd Júnglé Bớớk: Mớwgli & Bálớớ,The Second Jungle Book: Mowgli & Baloo,1997,\N,88,1076.0,False
3313,tt0120090,Sécréts ớf thé Héárt,Secretos del corazón,1997,\N,105,1828.0,True
3317,tt0120133,A Simple Wish,,1997,\N,89,5422.0,False
3318,tt0120142,The Sixth Man,The Sixth Man,\N,1997,107,5763.0,False
3322,tt0120207,Steel,,1997,\N,97,13628.0,False
3349,tt0120723,Kissing a Fool,,1998,\N,93,5264.0,False
3350,tt0120725,Krippendorf's Tribe,,1998,\N,94,5465.0,False
3360,tt0120802,The Red Violin,Le violon rouge,1998,\N,130,32653.0,True
3380,tt0123328,Made in Hong Kong,Heung Gong jai jo,1997,\N,109,2329.0,True
3390,tt0125510,Splatter University,Splatter University,1984,\N,78,1704.0,False
3393,tt0125678,Bongwater,,1998,\N,97,4413.0,False
3394,tt0126029,Shrek,Shrek,2001,\N,90,644399.0,True
3405,tt0127919,Tálé ớf thé Múmmy,,1998,\N,88,3239.0,False
3416,tt0129908,Ernest in the Army,Ernest in the Army,1998,\N,85,,False
3417,tt0130121,Mickéy Blúé Éyés,Mickey Blue Eyes,1999,\N,102,,False
3421,tt0130529,Cane Toads: An Unnatural History,Cane Toads: An Unnatural History,1988,\N,47,1229.0,True
3433,tt0133189,SLC Punk!,,1998,\N,97,28434.0,True
3439,tt0134786,The Graduates,Liceenii,1986,\N,95,2120.0,True
3477,tt0141907,Town & Country,Town & Country,2001,\N,104,4924.0,False
3503,tt0146336,Urban Legend,,1998,\N,99,64388.0,False
3506,tt0147612,Háppinéss,Happiness,1998,\N,134,68804.0,True
3512,tt0150230,The Cruise,The Cruise,1998,\N,76,1778.0,True
3523,tt0155722,Gloomy Sunday,Gloomy Sunday - Ein Lied von Liebe und Tod,1999,\N,112,7689.0,True
3529,tt0156639,The Big Tease,,1999,\N,86,2604.0,False
3543,tt0159097,The Virgin Suicides,,1999,\N,97,,True
3562,tt0163983,Bless the Child,Bless the Child,\N,2000,107,14493.0,False
3571,tt0165454,The Runner,The Runner,1999,\N,94,1183.0,False
3575,tt0165643,Black & White,Black and White,1999,\N,98,,False
3592,tt0167400,Time to Love,,\N,1965,89,4972.0,True
3593,tt0167423,Diamonds,,1999,\N,91,1665.0,False
3595,tt0167825,Chicken Park,,1994,\N,98,1320.0,False
3598,tt0168172,Simon Sez,Simon Sez,1999,\N,85,6955.0,False
3604,tt0169145,Cabaret Balkan,Bure baruta,1998,\N,102,5044.0,True
3612,tt0172234,Chaahat,Chaahat,1996,\N,151,2786.0,False
3621,tt0173714,Cats,,1998,\N,120,5340.0,True
3623,tt0174204,Simpatico,,1999,\N,106,,False
3626,tt0174856,The Hurricane,,1999,\N,146,94995.0,True
3649,tt0180633,Thé Prớmising Bớy,,1981,\N,106,,True
3675,tt0185481,Neo Tokyo,Meikyû monogatari,1987,\N,50,3441.0,True
3685,tt0187859,Genghis Blues,,1999,\N,88,1360.0,True
3688,tt0188404,Dexter the Dragon & Bumble the Bear,,1983,\N,84,1549.0,True
3702,tt0192255,The Little Vampire,The Little Vampire,2000,\N,95,10313.0,False
3705,tt0192701,Turbulence 2: Fear of Flying,Turbulence 2: Fear of Flying,1999,\N,101,2181.0,False
3708,tt0192949,Stardom,,2000,\N,100,1724.0,False
3709,tt0193560,Téxás Rángérs,Texas Rangers,2001,\N,90,5877.0,False
3726,tt0199650,Jill Rips,Jill Rips,2000,\N,94,1004.0,False
3727,tt0199753,Red Planet,Red Planet,\N,2000,106,56959.0,False
3731,tt0200472,Beautiful Joe,Beautiful Joe,\N,2000,98,,False
3734,tt0201290,The Underground Comedy Movie,,1999,\N,88,2663.0,False
3742,tt0203166,Together,,2000,\N,106,22489.0,True
3757,tt0208196,Happy Accidents,Happy Accidents,2000,\N,110,9774.0,True
3758,tt0208675,Compassionate Sex,Sexo por compasión,2000,\N,109,1257.0,True
3780,tt0212815,Big Édén,,2000,\N,118,4412.0,True
3786,tt0215517,Ángớớr,Angoor,1982,\N,131,5138.0,True
3788,tt0216787,Thé Tásté ớf Ớthérs,Le goût des autres,\N,2000,112,9628.0,True
3790,tt0216841,Jet Set,,2000,\N,106,1025.0,False
3792,tt0217355,Dancing at the Blue Iguana,Dancing at the Blue Iguana,\N,2000,123,3895.0,False
3795,tt0217756,Ready to Rumble,,2000,\N,107,14109.0,False
3798,tt0218625,The St. Francisville Experiment,,2000,\N,79,1609.0,False
3810,tt0225009,964 Pinocchio,964 Pinocchio,1991,\N,97,1742.0,False
3811,tt0225029,Aflatoon,Aflatoon,1997,\N,153,1327.0,False
3840,tt0235060,The Road Home,Wo de fu qin mu qin,1999,\N,89,12951.0,True
3841,tt0235154,6ixtynin9,Ruang talok 69,1999,\N,118,2052.0,True
3843,tt0236126,A Crack in the Floor,A Crack in the Floor,2001,\N,90,1160.0,False
3855,tt0239395,Cats & Dogs,,2001,\N,87,58527.0,False
3858,tt0240200,Water,Water,2005,\N,117,14719.0,True
3890,tt0245712,Amores perros,Amores perros,\N,2000,154,233725.0,True
3899,tt0247586,Nine Queens,Nueve reinas,2000,\N,114,51698.0,True
3915,tt0249795,Máyábázár,Maya Bazaar,1957,\N,192,4704.0,True
3927,tt0252360,Davaci,Davaci,1987,\N,79,3099.0,True
3936,tt0252611,Korkusuz Korkak,,1979,\N,77,6490.0,True
3952,tt0254683,Phool Aur Kaante,,1991,\N,173,1418.0,False
3956,tt0255306,Kilukkam,,1991,\N,155,3870.0,True
3963,tt0256858,Killers,,1996,\N,97,1145.0,False
3996,tt0263728,Megiddo: The Omega Code 2,Megiddo: The Omega Code 2,2001,\N,104,2748.0,False
4001,tt0264689,Home Room,,2002,\N,133,3275.0,True
4078,tt0279895,My Best Friend,,2001,\N,104,1034.0,False
4100,tt0282599,Il Mare,,2000,\N,105,8645.0,True
4105,tt0283283,Millennium Mambo,Qianxi mànbo,2001,\N,119,5127.0,True
4106,tt0283453,Lớst Júnctiớn,Lost Junction,2003,\N,95,1217.0,False
4109,tt0284083,Bond of Love,Ek Rishtaa: The Bond of Love,2001,\N,174,,False
4137,tt0289879,The Butterfly Effect,The Butterfly Effect,2004,\N,113,470867.0,True
4139,tt0289992,The Life of David Gale,,2003,\N,130,117093.0,True
4140,tt0290212,Full Frontal,,2002,\N,101,10990.0,False
4151,tt0292542,Son of the Bride,,2001,\N,123,15380.0,True
4170,tt0298203,8 Mile,,2002,\N,110,269808.0,True
4181,tt0301050,Bolivia,,1999,\N,75,1146.0,True
4185,tt0301470,Jeepers Creepers 2,,2003,\N,106,62519.0,False
4195,tt0303243,Happy Times,Xing fu shi guang,\N,2000,102,,True
4205,tt0305206,Áméricán Spléndớr,,2003,\N,101,,True
4207,tt0305669,Bringing Dớwn thé Hớúsé,Bringing Down the House,2003,\N,105,36173.0,False
4214,tt0306909,Public Enemy,Gonggongui jeog,2002,\N,138,2204.0,True
4216,tt0307116,Maa Tujhhe Salaam,,2002,\N,162,1186.0,False
4225,tt0308208,Ballistic: Ecks vs. Sever,Ballistic: Ecks vs. Sever,2002,\N,91,19869.0,False
4246,tt0312941,My Life as McDull,,2001,\N,75,1094.0,True
4258,tt0314806,Tupac Shakur: Thug Angel,Tupac Shakur: Thug Angel,2002,\N,92,1091.0,True
4300,tt0326856,Envy,Envy,2004,\N,99,30750.0,False
4301,tt0326900,Good Boy,,2003,\N,88,4368.0,False
4308,tt0327437,Árớúnd thé Wớrld in 80 Dáys,Around the World in 80 Days,\N,2004,120,88099.0,False
4313,tt0328099,Malibu's Most Wanted,,2003,\N,86,19215.0,False
4314,tt0328720,The Collingswood Story,The Collingswood Story,2002,\N,80,1490.0,False
4330,tt0331933,Man of the House,Man of the House,2005,\N,100,23612.0,False
4353,tt0338135,The Barbarian Invasions,,\N,2003,99,28946.0,True
4358,tt0338763,Battle Royale II,Batoru rowaiaru II: Chinkonka,2003,\N,155,,False
4364,tt0339419,The Mudge Boy,The Mudge Boy,2003,\N,94,4429.0,True
4366,tt0339535,The Professional,,2003,\N,104,6514.0,True
4369,tt0339824,Tube,Tyubeu,2003,\N,116,1367.0,False
4389,tt0347149,Howl's Moving Castle,Hauru no ugoku shiro,2004,\N,119,364098.0,True
4402,tt0349825,Miracle,Miracle,2004,\N,135,52232.0,True
4406,tt0350232,Evil Remains,Trespassing,2004,\N,88,1565.0,False
4417,tt0353969,Memories of Murder,,2003,\N,131,163620.0,True
4438,tt0360216,The Year of the Yao,,2004,\N,88,,True
4445,tt0361670,The Great Journey,Le grand voyage,2004,\N,108,2438.0,True
4481,tt0367085,Soul Plane,Soul Plane,2004,\N,86,22597.0,False
4482,tt0367089,The Squid and the Whale,The Squid and the Whale,2005,\N,81,81799.0,True
4484,tt0367859,The Man Who Copied,,2003,\N,123,10099.0,True
4498,tt0368975,Sleepover,Sleepover,2004,\N,89,16367.0,False
4501,tt0369339,Collateral,Collateral,2004,\N,120,383031.0,True
4505,tt0369735,Monster-in-Law,,2005,\N,101,59307.0,False
4525,tt0373889,Hárry Pớttér ánd thé Ớrdér ớf thé Phớénix,,2007,\N,138,542852.0,True
4526,tt0374089,Nomad: The Warrior,Köshpendiler,2005,\N,112,3837.0,False
4528,tt0374345,Thé Mémớry ớf á Killér,,2003,\N,123,9714.0,True
4540,tt0376006,Book of Love,,\N,2004,83,1722.0,False
4565,tt0379270,Easy,,2003,\N,99,,False
4566,tt0379370,Maqbool,Maqbool,2003,\N,132,10487.0,True
4574,tt0380485,Bonjour Monsieur Shlomi,,2003,\N,94,1171.0,True
4579,tt0381637,Symmetry,Symetria,2003,\N,99,3450.0,True
4588,tt0382295,Seven Dwarves,,2004,\N,95,5839.0,False
4596,tt0383020,The Tuner,Nastroyshchik,2004,\N,154,1058.0,True
4615,tt0385990,Retrograde,Retrograde,2004,\N,93,1632.0,False
4619,tt0386650,Mounam Pesiyadhe,,2002,\N,148,2094.0,True
4622,tt0386820,The Trouble with Terkel,,2004,\N,77,10523.0,True
4624,tt0387462,Okul,Okul,\N,2004,100,3447.0,False
4630,tt0388154,Mickybo and Me,,2004,\N,95,,True
4642,tt0390022,Friday Night Lights,Friday Night Lights,2004,\N,118,61646.0,True
4647,tt0390450,Blessed,Blessed,2004,\N,94,2204.0,False
4654,tt0393162,Coach Carter,Coach Carter,2005,\N,136,138320.0,True
4660,tt0395461,Bab'Aziz: The Prince That Contemplated His Soul,,2005,\N,96,3322.0,True
4665,tt0396563,Dil Ne Jise Apna Kaha,,2004,\N,135,1829.0,False
4668,tt0396746,Múxmäúschénstill,,\N,2004,89,2664.0,True
4674,tt0397535,Memoirs of a Geisha,Memoirs of a Geisha,2005,\N,145,144396.0,True
4698,tt0402904,Cemetery Gates,,2006,\N,92,1155.0,False
4714,tt0407038,Púckéd,Pucked,2006,\N,83,1140.0,False
4720,tt0407851,Hana and Alice,,2004,\N,135,4202.0,True
4741,tt0411646,Michael Moore Hates America,Michael Moore Hates America,2004,\N,125,3921.0,False
4743,tt0411805,Return of the Living Dead: Necropolis,Return of the Living Dead: Necropolis,2005,\N,88,5049.0,False
4752,tt0414387,Pride & Prejudice,Pride & Prejudice,2005,\N,129,277660.0,True
4759,tt0415679,Boy Eats Girl,,\N,2005,80,3897.0,False
4766,tt0416320,Match Point,,2005,\N,124,213190.0,True
4769,tt0417046,Pedersen: High-School Teacher,Gymnaslærer Pedersen,2006,\N,123,1632.0,False
4771,tt0417397,9th Company,,2005,\N,139,20401.0,True
4776,tt0419198,The Tiger and the Snow,La tigre e la neve,2005,\N,114,13854.0,True
4786,tt0420318,The Wedding,,2004,\N,109,4336.0,True
4804,tt0422689,Madurey,Madurey,2004,\N,145,2052.0,False
4810,tt0423853,Be Here to Love Me,Be Here to Love Me: A Film About Townes Van Zandt,2004,\N,99,1294.0,True
4812,tt0424273,Electric Shadows,,2004,\N,93,1021.0,True
4836,tt0426501,Johnny Was,,2006,\N,93,1701.0,False
4838,tt0426596,The Take,,2004,\N,87,1197.0,True
4841,tt0427089,Confetti,Confetti,2006,\N,100,5099.0,False
4842,tt0427152,Dinner for Schmucks,,2010,\N,114,104580.0,False
4868,tt0431418,Stinger,,2005,\N,97,,False
4873,tt0433386,The Grudge 2,The Grudge 2,2006,\N,102,48723.0,False
4875,tt0433442,The Return,The Return,2006,\N,85,11908.0,False
4881,tt0435761,Toy Story 3,,2010,\N,103,794019.0,True
4885,tt0436613,Múrdérbáll,,2005,\N,88,10121.0,True
4887,tt0436697,The Queen,The Queen,2006,\N,103,108033.0,True
4895,tt0438427,Side Effects,Side Effects,2005,\N,90,1111.0,False
4909,tt0441773,Kung Fu Panda,Kung Fu Panda,2008,\N,92,443161.0,True
4915,tt0443527,The Hamiltons,The Hamiltons,2006,\N,86,8655.0,False
4933,tt0446719,Isolation,Isolation,2005,\N,95,7164.0,False
4943,tt0449994,Jodhaa Akbar,Jodhaa Akbar,\N,2008,213,31642.0,True
4968,tt0453729,Iqbal,Iqbal,2005,\N,132,16564.0,True
4977,tt0455584,The Kovak Box,,2006,\N,102,4080.0,False
4998,tt0460394,Aithe,Aithe,2003,\N,140,1467.0,True
5000,tt0460732,Cáfféiné,Caffeine,\N,2006,92,2678.0,False
5027,tt0466342,Date Movie,,2006,\N,83,58821.0,False
5036,tt0468094,The Road to Guantanamo,The Road to Guantanamo,2006,\N,95,11290.0,True
5046,tt0469623,Things We Lost in the Fire,,2007,\N,118,28434.0,True
5050,tt0470679,August,,2008,\N,88,4178.0,False
5053,tt0472043,Ápớcályptớ,,2006,\N,139,302286.0,True
5069,tt0475217,All In,All In,2006,\N,98,1345.0,False
5094,tt0478160,Into Great Silence,,2005,\N,169,2326.0,True
5099,tt0478737,Treasure Raiders,Treasure Raiders,2007,\N,92,4223.0,False
5122,tt0483577,The Night Buffalo,El búfalo de la noche,\N,2007,102,1627.0,False
5129,tt0485510,Killing the Shadows,,2006,\N,135,12105.0,True
5132,tt0485922,Keerthi Chakra,Keerthi Chakra,2006,\N,130,1011.0,True
5137,tt0486652,Sisters,,2006,\N,92,1457.0,False
5156,tt0489282,Strange Wilderness,,2008,\N,87,21659.0,False
5205,tt0499097,Without Remorse,,2021,\N,109,51231.0,False
5216,tt0756725,Where God Left His Shoes,,2007,\N,96,1071.0,True
5237,tt0765833,Happy Days,Neseli Günler,1978,\N,92,10805.0,True
5285,tt0796302,The Babysitters,The Babysitters,\N,2007,88,11571.0,False
5288,tt0800003,Delta Farce,,2007,\N,90,11025.0,False
5303,tt0805605,Seinto Seiya: Tenkai-hen joso - Overture,,2004,\N,84,1267.0,True
5322,tt0813540,Naksha,Naksha,\N,2006,128,1140.0,False
5331,tt0816442,The Book Thief,,2013,\N,131,131782.0,True
5335,tt0817177,Flipped,Flipped,2010,\N,90,87273.0,True
5343,tt0821640,Ghớsts ớf Girlfriénds Pást,Ghosts of Girlfriends Past,\N,2009,115,87709.0,False
5349,tt0824316,Dor,,2006,\N,147,5939.0,True
5374,tt0839811,Fi shaket Masr El Gedeeda,Fi shaket Masr El Gedeeda,2007,\N,118,1276.0,True
5377,tt0840322,Forever Strong,,2008,\N,112,10541.0,True
5381,tt0841109,Late Bloomers,,2006,\N,90,1052.0,True
5393,tt0847880,Cargo 200,Gruz 200,2007,\N,89,8994.0,True
5400,tt0855729,Times and Winds,,2006,\N,111,4213.0,True
5408,tt0860906,Evangelion: 2.0 You Can (Not) Advance,Evangerion shin gekijôban: Ha,2009,\N,112,,True
5410,tt0865297,The Black Balloon,The Black Balloon,\N,2008,97,8818.0,True
5413,tt0866439,Made of Honor,Made of Honor,2008,\N,101,70162.0,False
5414,tt0870090,City ớf Mén,,2007,\N,106,15503.0,True
5417,tt0870204,Bớớt Cámp,,2008,\N,99,8825.0,False
5442,tt0891592,Stréét Fightér: Thé Légénd ớf Chún-Li,Street Fighter: The Legend of Chun-Li,2009,\N,96,,False
5443,tt0892051,Evil Angel,Evil Angel,2009,\N,123,1283.0,False
5448,tt0893412,From Prada to Nada,From Prada to Nada,2011,\N,107,14884.0,False
5472,tt0913401,Kill Búljớ: Thé Mớvié,Kill Buljo: The Movie,2007,\N,93,3893.0,False
5482,tt0920464,Manorama: Six Feet Under,Manorama: Six Feet Under,2007,\N,137,7906.0,True
5485,tt0924317,Yamadonga,Yamadonga,2007,\N,185,3760.0,True
5488,tt0928152,Malliswari,Malliswari,2004,\N,150,3150.0,True
5489,tt0928375,Legend of the Bog,,2009,\N,90,,False
5493,tt0930856,The Fourth Man,,2007,\N,107,4129.0,True
5500,tt0937373,Summer Lover,,2008,\N,88,,False
5501,tt0938330,Silent Hill: Revelation,,2012,\N,95,62325.0,False
5508,tt0949815,Mr. Warmth: The Don Rickles Project,,2007,\N,89,1083.0,True
5521,tt0961079,Récláiming thé Bládé,,2009,\N,90,1670.0,True
5536,tt0976247,"Surfer, Dude","Surfer, Dude",2008,\N,85,,False
5548,tt0983990,1971,1971,2007,\N,136,2144.0,True
5550,tt0984177,Amarkalam,,1999,\N,148,1764.0,True
5568,tt0995740,No Smoking,No Smoking,2007,\N,128,7294.0,True
5582,tt1001562,Witless Protection,Witless Protection,2008,\N,99,,False
5584,tt1002563,The Young Messiah,,2016,\N,111,3435.0,False
5586,tt10050782,Grass is Greener,Grass Is Greener,2019,\N,97,1247.0,True
5616,tt1020543,Inféstátiớn,,2009,\N,91,9202.0,False
5632,tt10262380,Boys from County Hell,Boys from County Hell,\N,2020,88,3085.0,False
5637,tt1028532,Hachi: A Dog's Tale,Hachi: A Dog's Tale,2009,\N,93,269757.0,True
5643,tt1029360,Poltergeist,Poltergeist,2015,\N,93,,False
5653,tt1032815,"I Love You, Beth Cooper",,2009,\N,102,34588.0,False
5655,tt10329134,Yớúr Námé Éngrávéd Héréin,Ke zai ni xindi de mingzi,\N,2020,118,,True
5660,tt1034032,Gamer,,2009,\N,95,133094.0,False
5667,tt1034449,Kidnap,,2008,\N,135,2394.0,False
5683,tt10452480,Kettiyollaanu Ente Maalakha,Kettiyollaanu Ente Maalakha,2019,\N,135,,True
5690,tt10472102,Kárákớmik Filmlér: Émánét,Karakomik Filmler: Emanet,2020,\N,60,6071.0,False
5710,tt10543680,Ginny Weds Sunny,,2020,\N,125,4450.0,False
5711,tt1054631,House Broken,,2010,\N,84,2235.0,False
5715,tt10556320,Sator,Sator,2019,\N,85,1614.0,False
5718,tt1057581,How to Be,,2008,\N,85,3863.0,False
5719,tt10579952,Master,,2021,\N,179,66004.0,True
5747,tt1072438,Not Since You,,2009,\N,90,1919.0,False
5766,tt10817348,Cúpid,,2020,\N,83,1558.0,False
5777,tt10867504,Fán,Fan,2019,\N,145,1118.0,True
5785,tt10886166,365 Days,,2020,\N,114,,False
5786,tt10887902,I Used to Go Here,,2020,\N,80,3008.0,False
5802,tt1093842,My Winnipeg,,2007,\N,80,5188.0,True
5803,tt10941528,Under the Riccione Sun,Sotto il sole di Riccione,2020,\N,101,2256.0,False
5823,tt11023922,Spirits in thé Fớrést,Spirits in the Forest,2019,\N,83,1174.0,True
5824,tt1103153,Killers,,2010,\N,100,90104.0,False
5828,tt1103982,The Girlfriend Experience,,2009,\N,77,16458.0,False
5830,tt11044122,Never Surrender: A Galaxy Quest Documentary,,2019,\N,95,1706.0,True
5835,tt11060730,Maniyarayile Ashokan,Maniyarayile Ashokan,2020,\N,110,1174.0,False
5842,tt1110209,Take the Trash,Blå mænd,2008,\N,85,4005.0,False
5846,tt1114277,Up the Yangtze,Up the Yangtze,\N,2007,93,,True
5851,tt11163028,Hớúsé Árrést,,\N,2019,104,1580.0,False
5875,tt11263022,The Seventh Day,,\N,2021,87,3816.0,False
5877,tt1127221,Not Forgotten,Not Forgotten,2009,\N,96,,False
5901,tt1132608,Úgly Mélánié,Vilaine,2008,\N,93,1017.0,False
5921,tt11382384,Thé Dissidént,The Dissident,2020,\N,119,28855.0,True
5922,tt11384004,Love Story,,2021,\N,155,2940.0,True
5926,tt11389868,Márvélớús ánd thé Bláck Hớlé,Marvelous and the Black Hole,2021,\N,81,1484.0,True
5929,tt11394180,Dick Johnson Is Dead,Dick Johnson Is Dead,2020,\N,89,5925.0,True
5931,tt11394276,Assassins,Assassins,2020,\N,104,2130.0,True
5940,tt1144804,Kambakkht Ishq,,2009,\N,142,,False
5946,tt1148200,Chain Letter,Chain Letter,2010,\N,88,5351.0,False
5985,tt1160629,Suspect X,Yôgisha X no kenshin,2008,\N,128,3323.0,True
5987,tt1161404,Blood Night: The Legend of Mary Hatchet,,2009,\N,83,2303.0,False
5989,tt11615290,Beastie Boys Story,Beastie Boys Story,2020,\N,119,6010.0,True
5990,tt1161646,Gingérdéád Mán 2: Pássiớn ớf thé Crúst,,2008,\N,72,1215.0,False
5997,tt11656172,Hard Kill,Hard Kill,2020,\N,98,19417.0,False
6002,tt11692986,Fierce,Jak zostac gwiazda,2020,\N,118,1099.0,False
6022,tt11767722,Sun Children,,2020,\N,99,,True
6023,tt1176960,One Two Three,One Two Three,2008,\N,135,2631.0,False
6032,tt1179933,10 Clớvérfiéld Láné,,2016,\N,103,309018.0,True
6036,tt1182937,Rab Ne Bana Di Jodi,Rab Ne Bana Di Jodi,2008,\N,167,46436.0,True
6075,tt1198153,The Assassin Next Door,Kirot,2009,\N,103,2701.0,False
6080,tt1202540,Dil Bole Hadippa,,2009,\N,148,4062.0,False
6087,tt1206086,Rain Fall,,2009,\N,111,,False
6093,tt1210166,Moneyball,Moneyball,2011,\N,133,397623.0,True
6098,tt1213644,Disástér Mớvié,Disaster Movie,2008,\N,87,89901.0,False
6099,tt1213856,Voices,Du saram-yida,2007,\N,85,1298.0,False
6110,tt1222815,Chimpanzee,Chimpanzee,2012,\N,78,6096.0,True
6122,tt12299714,Thittam Irandu,Thittam Irandu,2021,\N,120,2737.0,True
6126,tt1230544,Konchem Ishtam Konchem Kashtam,,2009,\N,165,,True
6168,tt12492650,Ék,Ek,2019,\N,129,4895.0,True
6169,tt1251743,Salvation Boulevard,,2011,\N,96,4588.0,False
6175,tt1255951,De Dana Dan,,2009,\N,162,,False
6182,tt1261047,Gulaal,,2009,\N,140,14621.0,True
6183,tt1261862,Icarus,Icarus,2010,\N,88,4177.0,False
6192,tt1264914,Zift,Zift,2008,\N,92,4939.0,True
6212,tt1276419,A Royal Affair,En kongelig affære,2012,\N,137,46333.0,True
6213,tt12764606,The Lockdown Hauntings,,2021,\N,101,1685.0,False
6226,tt12839816,Asalu Em Jarigindhante,,2020,\N,110,5428.0,True
6235,tt12861508,Súrvivé thé Gámé,Survive the Game,2021,\N,97,2902.0,False
6250,tt1291150,Teenage Mutant Ninja Turtles,,2014,\N,101,206161.0,False
6268,tt1302067,Yogi Bear,Yogi Bear,2010,\N,81,21393.0,False
6296,tt1316622,Wréckéd,,2010,\N,91,16096.0,False
6303,tt1321509,Death at a Funeral,Death at a Funeral,2010,\N,92,48627.0,False
6306,tt1323594,Déspicáblé Mé,,2010,\N,95,,True
6315,tt1327628,Whores' Glory,,2011,\N,110,4775.0,True
6330,tt1337032,Trailer Park Boys: Countdown to Liquor Day,,2009,\N,102,7353.0,True
6331,tt1337117,"Nightmares in Red, White and Blue: The Evolution of the American Horror Film","Nightmares in Red, White and Blue: The Evolution of the American Horror Film",2009,\N,96,,True
6332,tt13372794,The Manor,,\N,2021,81,3844.0,False
6333,tt13381376,Wélcớmé Hớmé,Welcome Home,2020,\N,126,2832.0,True
6343,tt1342402,Mommo,Mommo,2009,\N,94,1926.0,True
6370,tt13583144,The Minimalists: Less Is Now,The Minimalists: Less Is Now,2021,\N,53,3713.0,False
6371,tt1359552,Antaheen,Antaheen,2009,\N,120,1596.0,True
6379,tt13651858,Sáfér át Hớmé,Safer at Home,2021,\N,82,3313.0,False
6391,tt1369706,The Ward,,2010,\N,89,41836.0,False
6394,tt13717980,Grudge,,\N,2021,105,3521.0,False
6399,tt13758760,A Stand Worthy of Men,,\N,2021,120,1770.0,True
6408,tt1382725,The Roundup,,2010,\N,115,8641.0,True
6413,tt1389072,Downsizing,Downsizing,2017,\N,135,105369.0,False
6419,tt13914000,Republic,Republic,2021,\N,152,,True
6449,tt1408101,Stár Trék Intớ Dárknéss,,2013,\N,132,474618.0,True
6450,tt14087490,Super Heroes: The Movie,Super Heroes: The Movie,2021,\N,80,1230.0,True
6453,tt1410051,Retreat,,2011,\N,90,11671.0,False
6456,tt1414382,Yớú Ágáin,You Again,2010,\N,105,50749.0,False
6467,tt1422674,Ju-on: Black Ghost,Ju-on: Kuroi shôjo,2009,\N,60,,False
6468,tt1422675,Ju-on: White Ghost,Ju-on: Shiroi rôjo,2009,\N,61,2167.0,False
6469,tt1422800,Beneath the Dark,Beneath the Dark,2010,\N,102,1929.0,False
6474,tt1426374,The Wind Journeys,,2009,\N,117,2349.0,True
6475,tt1428459,We Are Family,,2010,\N,115,3096.0,False
6480,tt1430607,Arthur Christmas,,2011,\N,97,55789.0,True
6481,tt1430612,Brick Mansions,,2014,\N,90,41596.0,False
6483,tt1431122,No Problem,,2010,\N,139,2449.0,False
6487,tt1433528,Henri-Georges Clouzot's Inferno,,2009,\N,100,1730.0,True
6504,tt1441953,Téstámént ớf Yớúth,Testament of Youth,2014,\N,129,28260.0,True
6510,tt1450321,Filth,,2013,\N,97,106120.0,True
6534,tt1472195,The Violent Kind,The Violent Kind,2010,\N,85,1834.0,False
6541,tt1478800,Assault Girls,Asaruto gâruzu,2009,\N,65,1284.0,False
6546,tt1481363,Naruto Shippûden: The Movie 3: Inheritors of the Will of Fire,Gekijô-ban Naruto Shippûden: Hi no ishi wo tsugu mono,2009,\N,95,,True
6556,tt1487275,The White Stripes Under Great White Northern Lights,,2009,\N,93,2421.0,True
6589,tt1510906,Third Star,Third Star,2010,\N,92,7101.0,True
6593,tt15145772,200: Hállá Hớ,200: Halla Ho,2021,\N,115,1471.0,True
6598,tt15192796,Brandy Diaries,Brandy Diaries,2021,\N,144,1422.0,True
6617,tt1530509,Human Centipede 2: Tom Six Discusses the Story Concept,The Human Centipede II (Full Sequence),2011,\N,91,,False
6618,tt1532382,Hớớkéd,,2009,\N,90,1638.0,False
6623,tt1535020,Peraanmai,,2009,\N,150,,True
6634,tt1537772,The Wings of the Night,,2009,\N,97,1664.0,False
6638,tt1540741,A Single Shot,A Single Shot,2013,\N,116,10839.0,False
6645,tt1545660,Knights of Badassdom,Knights of Badassdom,2013,\N,86,20173.0,False
6647,tt15458036,Savitri W/o Satyamurthy,,2021,\N,\N,1027.0,False
6653,tt1554091,A Better Life,,2011,\N,98,15759.0,True
6657,tt1558250,GasLand,GasLand,2010,\N,107,10873.0,True
6665,tt1563719,Húnt tớ Kill,Hunt to Kill,2010,\N,98,6655.0,False
6697,tt1580426,Repeaters,Repeaters,2010,\N,89,6663.0,False
6704,tt1584131,The Last Godfather,The Last Godfather,2010,\N,100,1198.0,False
6705,tt1584813,Reindeerspotting - Escape from Santaland,Reindeerspotting - pako Joulumaasta,2010,\N,84,3337.0,True
6709,tt1586753,The Incite Mill,Inshite miru: 7-kakan no desu gêmu,2010,\N,107,1242.0,False
6733,tt1602572,Echoes of the Rainbow,Sui yuet san tau,2010,\N,117,1940.0,True
6742,tt1608516,Lauf Junge lauf,Lauf Junge lauf,2013,\N,112,2369.0,True
6749,tt1612774,Rúbbér,,2010,\N,82,36069.0,False
6768,tt1621642,Bángkớk Tráffic (Lớvé) Stớry,,2009,\N,126,1823.0,True
6794,tt1646975,Le Quattro Volte,,2010,\N,88,3887.0,True
6795,tt1646987,Wrath of the Titans,,2012,\N,99,186139.0,False
6813,tt1656170,Bringing Up Bobby,Bringing Up Bobby,2011,\N,93,1913.0,False
6823,tt1662557,No Mercy,Yongseoneun eupda,2010,\N,123,7941.0,True
6825,tt1663207,Life of Crime,,2013,\N,98,18401.0,False
6827,tt1663628,Christmas Mail,,2010,\N,89,1666.0,False
6847,tt1675161,"Guns, Girls and Gambling",,\N,2012,90,4387.0,False
6848,tt1675192,Take Shelter,,\N,2011,121,98167.0,True
6854,tt1680099,Men Vs Women,,2010,\N,113,2292.0,False
6859,tt1683876,Happy People: A Year in the Taiga,Happy People: A Year in the Taiga,2010,\N,90,8241.0,True
6865,tt1687247,Life in a Day,Life in a Day,2011,\N,95,15167.0,True
6878,tt1702014,Thé Wáy Hé Lớớks,,2014,\N,96,24385.0,True
6885,tt1706433,To Live!,,2010,\N,74,1806.0,True
6893,tt1712159,11-11-11,11-11-11,2011,\N,90,12282.0,False
6903,tt1715853,The Colors of the Mountain,,\N,2010,90,1568.0,True
6906,tt1718915,Teen Lust,,2014,\N,80,1728.0,False
6932,tt1733578,Zớmbié Diáriés 2,,2011,\N,88,2443.0,False
6953,tt1754811,InAPPropriate Comedy,,\N,2013,83,4491.0,False
6955,tt1754944,eCupid,,2011,\N,95,2286.0,False
6966,tt1772271,"3, 2, 1... Frankie Go Boom",Frankie Go Boom,2012,\N,89,4971.0,False
6984,tt1784670,Thé Máláy Chrớniclés: Blớớdlinés,,2011,\N,109,1072.0,False
7001,tt1798188,From Up on Poppy Hill,,2011,\N,91,,True
7002,tt1798243,Rudderless,Rudderless,2014,\N,105,18453.0,True
7004,tt1800351,One Night in Istanbul,One Night in Istanbul,2014,\N,93,1319.0,False
7020,tt1814621,Admission,,2013,\N,108,34273.0,False
7023,tt1815746,Humans vs Zombies,,2011,\N,93,1469.0,False
7025,tt1816608,Another Me,,2013,\N,86,5544.0,False
7035,tt1823202,Sibir. Monamur,Sibir. Monamur,2011,\N,102,2208.0,True
7062,tt1841542,Children's Party,Chillar Party,2011,\N,135,7579.0,True
7084,tt1858481,Last Passenger,Last Passenger,2013,\N,97,7163.0,False
7093,tt1865425,Kumaré,,2011,\N,84,4941.0,True
7102,tt1876277,Into the White,Into the White,2012,\N,104,20476.0,True
7107,tt1881060,Static,,2012,\N,83,3270.0,False
7110,tt1884369,Noobz,,2012,\N,90,2153.0,False
7121,tt1895484,Model Minority,Model Minority,2012,\N,94,1773.0,True
7122,tt1899285,Dáy ớf thé Siégé,11 settembre 1683,2012,\N,114,,False
7128,tt1909726,Agir abi,Agir abi,2011,\N,97,1159.0,False
7129,tt1910498,Alien Armageddon,Alien Armageddon,2011,\N,95,1243.0,False
7131,tt1912982,A Little Bit Zombie,,2012,\N,87,2824.0,False
7161,tt1937133,On the Other Side of the Tracks,,2012,\N,96,4972.0,False
7173,tt1950235,Let It Snow,,2019,\N,92,20295.0,False
7175,tt1954470,Gangs of Wasseypur,Gangs of Wasseypur,2012,\N,321,91134.0,True
7197,tt1986180,The Test,,2012,\N,89,1161.0,False
7219,tt2008513,First Position,First Position,2011,\N,95,,True
7228,tt2027154,Lớvé Bité,,2012,\N,91,1520.0,False
7265,tt2069797,Delirium,Delirium,2018,\N,96,7370.0,False
7269,tt2072029,7 Nights of Darkness,7 Nights of Darkness,2011,\N,90,1114.0,False
7277,tt2078599,Kéy ớf Lifé,Kagi-dorobô no mesoddo,2012,\N,128,,True
7292,tt2085752,Autumn Blood,,2013,\N,100,1796.0,False
7305,tt2106361,Intớ thé Stớrm,,2014,\N,89,67072.0,False
7310,tt2107850,The Case Against 8,The Case Against 8,2014,\N,109,,True
7318,tt2113681,The 100 Year-Old Man Who Climbed Out the Window and Disappeared,Hundraåringen som klev ut genom fönstret och försvann,2013,\N,114,39762.0,True
7321,tt2119463,Lét thé Firé Búrn,Let the Fire Burn,2013,\N,88,1367.0,True
7324,tt2120120,Pixels,,2015,\N,105,138491.0,False
7336,tt2140629,Arizona,Arizona,2018,\N,85,7607.0,False
7338,tt2142883,Sen Kimsin?,,2012,\N,101,5214.0,False
7340,tt2147134,56 Up,56 Up,2012,\N,144,2262.0,True
7341,tt2149053,Orange Suit,Narenji Poush,2012,\N,107,1184.0,False
7347,tt2165765,Fear Clinic,,2014,\N,95,6616.0,False
7368,tt2179239,Thé Lást Shớwing,The Last Showing,2014,\N,89,1530.0,False
7369,tt2179936,School Dance,,2014,\N,85,1597.0,False
7373,tt2180477,Nanban,Nanban,2012,\N,188,14731.0,True
7374,tt2180583,Unbelievable!!!!!,,2020,\N,105,,False
7383,tt2187884,Escape from Tomorrow,,2013,\N,90,9525.0,False
7411,tt2211173,Yévádú,,2014,\N,165,7080.0,False
7437,tt2237324,Bent,Bent,2018,\N,96,6562.0,False
7443,tt2241750,Drown,,2015,\N,93,1389.0,False
7444,tt2242176,Hớrséhéád,,2014,\N,89,1795.0,False
7445,tt2243299,Final Cut: Ladies and Gentlemen,,\N,2012,84,2507.0,True
7450,tt2245544,Carry on Jatta,,2012,\N,143,3187.0,True
7455,tt2251481,Sean Banan inuti Seanfrika,Sean Banan inuti Seanfrika,2012,\N,76,1494.0,False
7469,tt2275743,"Berlin, I Love You","Berlin, I Love You",2019,\N,120,3035.0,False
7497,tt2301900,Puppet Master X: Axis Rising,,2012,\N,86,1165.0,False
7498,tt2302966,I,,2015,\N,188,20273.0,True
7503,tt2304953,Réásớnáblé Dớúbt,,2014,\N,91,19538.0,False
7511,tt2315152,A Werewolf Boy,Neuk-dae-so-nyeon,2012,\N,122,7577.0,True
7535,tt2334871,Snatched,,2017,\N,90,34665.0,False
7536,tt2337841,Bottom of the World,,2017,\N,85,,False
7541,tt2343601,Knuckleball!,Knuckleball!,2012,\N,93,1706.0,True
7590,tt2381249,Mission: Impossible - Rogue Nation,,2015,\N,131,357677.0,True
7599,tt2393775,Dhenikaina Ready,,\N,2012,125,1260.0,False
7602,tt2395385,+1,+1,2013,\N,96,8065.0,False
7606,tt2396436,Lémớn Tréé Pásságé,,2014,\N,84,4303.0,False
7612,tt2400275,Goodbye to Language,,2014,\N,70,5760.0,False
7618,tt2402927,Carol,,2015,\N,118,123465.0,True
7625,tt2406676,Ek Thi Daayan,,\N,2013,135,4148.0,False
7633,tt2416424,00 Schneider - Im Wendekreis der Eidechse,00 Schneider - Im Wendekreis der Eidechse,2013,\N,94,1216.0,False
7636,tt2417650,30 Nights ớf Páránớrmál Áctivity with thé Dévil Insidé thé Girl with thé Drágớn Táttớớ,,2013,\N,80,3729.0,False
7648,tt2439946,40 Dáys ánd Nights,40 Days and Nights,2012,\N,86,2181.0,False
7651,tt2446502,Zớmbié Húntér,Zombie Hunter,2013,\N,93,2651.0,False
7655,tt2452042,The Peanuts Movie,,2015,\N,88,,True
7661,tt2465578,Human Capital,,2013,\N,111,12346.0,True
7697,tt2531362,Chariot,Chariot,2013,\N,87,1879.0,False
7701,tt2543164,Arrival,,2016,\N,116,650418.0,True
7707,tt2549540,Pokémon the Movie: Kyurem vs. the Sword of Justice,Gekijoban Pocket Monster Best Wishes! Kyurem vs Seikenshi Keldeo,2012,\N,72,1415.0,False
7722,tt2576450,Besharam,,2013,\N,143,5487.0,False
7744,tt2615584,Phata Poster Nikhla Hero,,2013,\N,146,4683.0,False
7756,tt2637294,Hot Tub Time Machine 2,Hot Tub Time Machine 2,2015,\N,93,38347.0,False
7761,tt2667380,Kill Command,Kill Command,2016,\N,99,13879.0,False
7765,tt2673882,Jatt & Juliet 2,,2013,\N,140,1924.0,True
7778,tt2714380,The Remaining,The Remaining,2014,\N,88,7068.0,False
7799,tt2766268,The Games Maker,The Games Maker,2014,\N,111,1272.0,False
7800,tt2769184,Debug,Debug,2014,\N,86,2632.0,False
7814,tt2814362,United Passions,United Passions,2014,\N,110,4170.0,False
7832,tt2854894,A Fighting Man,A Fighting Man,2014,\N,88,1571.0,False
7846,tt2886632,Enclave,,2015,\N,92,,True
7847,tt2891174,99 Homes,99 Homes,2014,\N,112,32493.0,True
7865,tt2923834,The Last Scout,The Last Scout,2017,\N,107,,False
7895,tt2981768,Patema Inverted,Sakasama no Patema,2013,\N,98,8679.0,True
7898,tt2991296,Beneath,Beneath,2013,\N,89,4288.0,False
7939,tt3086582,Tiny Times 2.0,Xiao shi dai 2: Qing mu shi dai,2013,\N,113,1064.0,False
7943,tt3089778,The Treatment,De behandeling,2014,\N,131,8785.0,True
7953,tt3105350,The Calculator,Vychislitel,2014,\N,82,1109.0,False
7967,tt3129564,Diplớmácy,Diplomatie,2014,\N,84,5379.0,True
7988,tt3170458,A Violent Separation,A Violent Separation,\N,2019,106,,False
7990,tt3177316,Honeymoon,,2014,\N,87,,False
7999,tt3187076,Class Enemy,,2013,\N,112,2203.0,True
8002,tt3194532,Gorko!,Gorko!,2013,\N,100,2704.0,False
8020,tt3237154,Apocalypse Cult,,2014,\N,84,,False
8031,tt3263946,Trial by Fire,,\N,2018,127,9131.0,True
8035,tt3268668,Captive,Captive,2015,\N,97,6748.0,False
8049,tt3297382,The Crash,,2017,\N,84,1577.0,False
8055,tt3311176,Thé Réúniớn 2: Thé Fúnérál,,2014,\N,95,1679.0,False
8063,tt3323920,Philips and the Monkey Pen,,2013,\N,140,1322.0,True
8071,tt3348730,Jigsaw,Jigsaw,2017,\N,92,75626.0,False
8075,tt3371366,Transformers: The Last Knight,,\N,2017,154,144385.0,False
8089,tt3397918,Harbinger Down,,2015,\N,82,6233.0,False
8098,tt3409392,Timbuktu,Timbuktu,2014,\N,96,17114.0,True
8109,tt3438252,Apur Panchali,,2013,\N,97,1223.0,True
8112,tt3444184,The Man from Macau,Du cheng feng yun,2014,\N,93,,False
8114,tt3447364,Detective Byomkesh Bakshy!,Detective Byomkesh Bakshy!,2015,\N,139,22434.0,True
8130,tt3481634,Inconceivable,Inconceivable,\N,2017,105,,False
8138,tt3491962,Outlaws and Angels,,2016,\N,120,3289.0,False
8165,tt3524290,Goli Soda,,2014,\N,111,1006.0,True
8166,tt3526408,Yellowbird,"Gus - Petit oiseau, grand voyage",2014,\N,90,1776.0,False
8170,tt3532686,All About E,All About E,2015,\N,96,,False
8189,tt3561236,Containment,Containment,\N,2015,77,2922.0,False
8192,tt3564574,Eternity,,2016,\N,115,1240.0,False
8193,tt3564860,The Exorcism of Anna Ecklund,The Exorcism of Anna Ecklund,2016,\N,79,1087.0,False
8210,tt3602422,Shed of the Dead,Shed of the Dead,2019,\N,82,,False
8225,tt3627704,Phantasm: Ravager,Phantasm: Ravager,2016,\N,85,4271.0,False
8227,tt3633084,"Armenia, My Love...","Armenia, My Love...",2016,\N,101,1050.0,True
8231,tt3652616,Escape from Ensenada,California Dreaming,2017,\N,83,1020.0,False
8232,tt3660770,Monkey Kingdom,Monkey Kingdom,2015,\N,81,3922.0,True
8234,tt3663040,Heatstroke,Heatstroke,\N,2013,92,3100.0,False
8240,tt3678782,Badlapur,Badlapur,2015,\N,134,23190.0,True
8255,tt3698558,Some Kind of Hate,,2015,\N,82,2591.0,False
8256,tt3700392,Heidi,Heidi,2015,\N,111,5562.0,True
8275,tt3731580,Wé Dớn't Bélớng Héré,We Don't Belong Here,2017,\N,92,1703.0,False
8282,tt3739110,Thé Yéllớw Birds,,\N,2017,94,3646.0,False
8283,tt3741316,Bare,,2015,\N,90,2314.0,False
8312,tt3812366,Ode to My Father,Gukjesijang,2014,\N,126,,True
8320,tt3822396,Velaiyilla Pattathari,Velaiilla Pattadhari,2014,\N,133,6838.0,True
8327,tt3835080,31,,2016,\N,102,19970.0,False
8339,tt3861144,Paranormal Evil,Viktorville,2017,\N,93,1104.0,False
8349,tt3895908,Seeds,Seeds,\N,2018,90,1545.0,False
8387,tt3996396,Yatra,Yatra,2018,\N,127,3505.0,True
8419,tt4065414,A Good American,A Good American,2015,\N,100,1181.0,True
8449,tt4126694,1 Night,,2016,\N,80,1986.0,False
8466,tt4160708,Don't Breathe,,2016,\N,88,256687.0,True
8473,tt4180576,Bridgénd,Bridgend,2015,\N,95,2396.0,False
8475,tt4184878,Smosh: The Movie,Smosh: The Movie,2015,\N,84,6414.0,False
8486,tt4195278,Telling Tales,,2015,\N,103,15640.0,True
8526,tt4310772,From Vegas to Macau II,,2015,\N,109,1054.0,False
8539,tt4334642,Bonded by Blood 2,,2017,\N,91,2101.0,False
8540,tt4335650,Carnage Park,,2016,\N,90,,False
8559,tt4393278,Chtớ tvớryát múzhchiny! 2,Chto tvoryat muzhchiny! 2,2015,\N,90,1259.0,False
8561,tt4399952,The Lodgers,The Lodgers,2017,\N,92,8933.0,False
8567,tt4426464,Árctic Dớgs,Arctic Justice,2019,\N,92,1773.0,False
8572,tt4430136,Pyaar Ka Punchnama 2,Pyaar Ka Punchnama 2,2015,\N,137,14757.0,True
8578,tt4437216,Goat,,2016,\N,96,7699.0,False
8594,tt4477536,Fifty Shades Freed,Fifty Shades Freed,2018,\N,105,61421.0,False
8616,tt4550098,Nocturnal Animals,,2016,\N,116,259488.0,True
8625,tt4573516,Sleight,,2016,\N,89,8576.0,False
8637,tt4613254,Heartstone,Hjartasteinn,2016,\N,129,5113.0,True
8642,tt4624258,What's the Matter with Gerald?,What's the Matter with Gerald?,2016,\N,99,1140.0,False
8645,tt4633662,The Charnel House,The Charnel House,2016,\N,90,1247.0,False
8653,tt4661798,Joshy,Joshy,\N,2016,93,4199.0,False
8656,tt4669954,Yéllớw Flớwérs ớn thé Gréén Gráss,Toi Thay Hoa Vang Tren Co Xanh,2015,\N,103,1244.0,True
8678,tt4730638,By Light of Desert Night,,2019,\N,94,1600.0,False
8679,tt4730706,The Dwelling,Bed of the Dead,\N,2016,88,1185.0,False
8697,tt4786132,Lády-Liké,Lady-Like,2017,\N,82,6001.0,False
8700,tt4797160,Larceny,,2017,\N,87,1029.0,False
8726,tt4877122,The Emoji Movie,,2017,\N,86,61019.0,False
8731,tt4888982,The Control,,2018,\N,94,1965.0,False
8737,tt4901304,Behemoth,,2015,\N,95,1020.0,True
8741,tt4907206,Turnt,,2020,\N,85,2290.0,False
8749,tt4922674,Parallel,,2018,\N,104,3008.0,False
8798,tt5068650,The Dark Tapes,The Dark Tapes,2016,\N,98,3233.0,False
8802,tt5075662,The Isle,The Isle,\N,2018,96,13633.0,False
8807,tt5087548,Gorenos,,2016,\N,81,,False
8808,tt5088794,Dogs,Câini,2016,\N,104,2808.0,True
8814,tt5098836,I Believe in Miracles,,2015,\N,104,1568.0,True
8842,tt5165344,Rústớm,Rustom,2016,\N,148,25503.0,True
8854,tt5208950,Kickboxer: Retaliation,,2018,\N,110,5209.0,False
8865,tt5232308,Zulfiqar,Zulfiqar,2016,\N,139,1272.0,False
8882,tt5275128,Destination: Dewsbury,Destination: Dewsbury,2018,\N,86,1247.0,False
8895,tt5291604,Swapnajaal,,\N,2018,141,1269.0,True
8900,tt5296086,Revelator,Revelator,\N,2017,109,,False
8901,tt5309954,Sadako vs. Kayako,Sadako vs Kayako,2016,\N,98,3211.0,False
8910,tt5342950,The Wolf Hour,,2019,\N,99,2433.0,False
8925,tt5431890,Official Secrets,Official Secrets,\N,2019,112,43234.0,True
8930,tt5451118,303,,\N,2018,145,7740.0,True
8942,tt5468014,Digimon Adventure Tri. Part 3: Confession,Digimon Adventure tri. 3: Kokuhaku,2016,\N,91,1028.0,True
8944,tt5471480,Magnus,,2016,\N,78,,True
8950,tt5481404,Dead Rising: Endgame,,2016,\N,96,2981.0,False
8953,tt5488854,Tales of an Immoral Couple,La vida inmoral de la pareja ideal,2016,\N,91,1675.0,True
8970,tt5537140,The Red Maple Leaf,,2016,\N,132,4513.0,False
8978,tt5562652,Vaxxed: From Cover-Up to Catastrophe,Vaxxed: From Cover-Up to Catastrophe,2016,\N,91,4781.0,False
8984,tt5574372,Nerdland,Nerdland,\N,2016,85,1051.0,False
8987,tt5580392,Amateur,Amateur,2018,\N,96,4153.0,False
8995,tt5598234,Bowie: The Man Who Changed the World,,2016,\N,85,1084.0,False
9002,tt5611648,Joker,,2016,\N,130,3417.0,True
9007,tt5634960,A Very Sordid Wedding,A Very Sordid Wedding,2017,\N,109,1479.0,False
9013,tt5648036,S.M.Á.R.T. Chásé,,2017,\N,95,5669.0,False
9021,tt5674368,Agent,Agent,2017,\N,80,1760.0,False
9022,tt5674842,A Stroke of Luck,Villaviciosa de al lado,\N,2016,90,1874.0,False
9059,tt5735582,The Tenants Downstairs,Lou xia de fang ke,2016,\N,110,1090.0,False
9074,tt5777628,One More Time with Feeling,One More Time with Feeling,2016,\N,113,4694.0,True
9078,tt5790492,It's for Your Own Good,Es por tu bien,2017,\N,93,,False
9090,tt5813366,Bleeding Steel,Ji qi zhi xue,2017,\N,109,9675.0,False
9091,tt5813916,The Mountain II,Dag II,2016,\N,135,107137.0,True
9128,tt5914350,"The Rolling Stones Olé, Olé, Olé!: A Trip Across Latin America",,2016,\N,105,1293.0,True
9129,tt5918074,A Death in the Gunj,,2016,\N,110,5022.0,True
9132,tt5932368,Vanquish,Vanquish,2021,\N,94,3612.0,False
9137,tt5946852,Janatha Garage,,2016,\N,162,6614.0,True
9143,tt5963218,Aloko Udapadi,,2017,\N,113,6746.0,True
9149,tt5987700,Balboa Blvd,,2019,\N,94,,False
9155,tt5997928,Hotel Salvation,,2016,\N,102,2143.0,True
9162,tt6042446,Vezir Parmagi,,2017,\N,111,2182.0,False
9169,tt6054650,A Question of Faith,,2017,\N,104,1068.0,False
9170,tt6063014,Béfớré I Dié,,2016,\N,142,1334.0,False
9172,tt6067752,Lucifer,Lucifer,2019,\N,175,9086.0,True
9174,tt6068978,Amityville Exorcism,,\N,2017,77,3600.0,False
9179,tt6082222,Yok Artik 2,,2016,\N,82,2017.0,False
9187,tt6108090,Secret Superstar,,2017,\N,150,23342.0,True
9191,tt6117702,Munna Michael,Munna Michael,2017,\N,140,3265.0,False
9192,tt6118340,The Basement,,2018,\N,90,5037.0,False
9219,tt6198946,The Hole in the Ground,The Hole in the Ground,2019,\N,90,17755.0,False
9227,tt6218010,Iron Mask,Tayna pechati drakona,2019,\N,120,5828.0,False
9231,tt6243140,Ravenous,Les affamés,2017,\N,104,8924.0,False
9235,tt6264938,Késári,,2019,\N,150,,True
9237,tt6266984,Genis Aile 2: Her Türlü,,2016,\N,100,1190.0,False
9246,tt6290418,"To Each, Her Own",Les goûts et les couleurs,2018,\N,95,,False
9254,tt6328046,What's My Name: Muhammad Ali,,\N,2019,165,1952.0,True
9271,tt6360332,Is Genesis History?,Is Genesis History?,2017,\N,100,1545.0,False
9272,tt6360398,The Final Phase,La Última Fase,2020,\N,79,1487.0,False
9274,tt6365796,The Grizzlies,The Grizzlies,\N,2018,102,1826.0,True
9297,tt6490930,Project Ithaca,,2019,\N,85,2290.0,False
9303,tt6508228,Ghosts of War,,2020,\N,94,8932.0,False
9307,tt6512428,Indivisiblé,Indivisible,2018,\N,119,1188.0,False
9315,tt6542108,Pátrick thé Púg,Patrick,\N,2018,94,3403.0,False
9316,tt6544498,Oasis,Oasis,2017,\N,71,1270.0,True
9339,tt6627168,Listen,Listen,2020,\N,73,1411.0,True
9341,tt6643972,Triple Threat,Triple Threat,2019,\N,96,10849.0,False
9345,tt6654210,Infinite,,2021,\N,106,37575.0,False
9353,tt6692354,Ittefaq,,2017,\N,105,11781.0,True
9355,tt6708116,Bád Sééds,,2018,\N,100,5061.0,True
9357,tt6722976,The Elephant Queen,The Elephant Queen,2018,\N,96,1746.0,True
9359,tt6729000,Tyrel,,2018,\N,86,1260.0,False
9362,tt6739646,I Am Heath Ledger,,2017,\N,90,6465.0,True
9365,tt6747420,Rajma Chawal,Rajma Chawal,2018,\N,117,1782.0,False
9366,tt6747818,Room for Rent,,2019,\N,81,4745.0,False
9369,tt6768578,Dogman,Dogman,2018,\N,103,,True
9376,tt6781982,Night School,Night School,2018,\N,111,39118.0,False
9378,tt6791886,Como se Tornar o Pior Aluno da Escola,,\N,2017,106,1540.0,False
9390,tt6842770,Wild Mớúntáin Thymé,,\N,2020,102,6600.0,False
9394,tt6851066,Filmworker,,2017,\N,94,3006.0,True
9432,tt7052244,Robin Hood: The Rebellion,,2018,\N,92,4596.0,False
9433,tt7054636,A Madea Family Funeral,A Madea Family Funeral,2019,\N,109,4225.0,False
9443,tt7097358,The Final Scream,The Final Scream,2019,\N,91,1085.0,False
9454,tt7179784,Irumbu Thirai,,\N,2018,160,4482.0,True
9460,tt7207238,Jane,,2017,\N,90,4919.0,True
9462,tt7214762,Jim & Andy: The Great Beyond,"Jim & Andy: The Great Beyond - Featuring a Very Special, Contractually Obligated Mention of Tony Clifton",2017,\N,94,24951.0,True
9469,tt7231194,R.I.P.,Ee. Ma. Yau,2018,\N,120,3403.0,True
9476,tt7255568,Stúdént ớf thé Yéár 2,,2019,\N,146,,False
9484,tt7284202,Tréspássérs,Hell Is Where the Home Is,2018,\N,88,2648.0,False
9493,tt7310440,A Serial Killer's Guide to Life,A Serial Killer's Guide to Life,2019,\N,81,1271.0,False
9519,tt7392212,Rangasthalam 1985,,2018,\N,170,21302.0,True
9524,tt7401588,Instant Family,Instant Family,2018,\N,118,100642.0,True
9527,tt7439220,Askin Gören Gözlere Ihtiyaci yok,Askin Gören Gözlere Ihtiyaci yok,\N,2017,83,1454.0,False
9532,tt7460806,The Festival,,2018,\N,98,,False
9537,tt7485508,Carmen & Lola,,2018,\N,103,2684.0,True
9548,tt7531990,Görevimiz Tatil,,\N,2018,110,1820.0,False
9586,tt7689936,Thé Cléánérs,Im Schatten der Netzwelt,2018,\N,88,1663.0,True
9593,tt7692822,Driven,,2019,\N,90,3401.0,False
9594,tt7711342,Agnathavasi - Prince in Exile,,2018,\N,158,,False
9602,tt7769346,Ekkees Tareekh Shubh Muhurat,Ekkees Tareekh Shubh Muhurat,\N,2018,97,2006.0,False
9608,tt7797658,Awe!,,2018,\N,150,4810.0,True
9615,tt7841496,Pérdidá,,2018,\N,103,4604.0,False
9622,tt7876510,My Thoughts Are Silent,My Thoughts Are Silent,2019,\N,104,2185.0,True
9640,tt7942936,Ibiza,Ibiza,2019,\N,87,1801.0,False
9656,tt8000718,The Operative,The Operative,2019,\N,116,5794.0,False
9657,tt8000908,Robert the Bruce,,2019,\N,124,3362.0,False
9663,tt8016662,Praana,Praana,2019,\N,107,1101.0,True
9666,tt8032912,Parwaaz Hai Junoon,Parwaaz Hai Junoon,2018,\N,130,1558.0,True
9670,tt8042292,Kannum Kannum Kollaiyadithaal,Kannum Kannum Kollaiyadithaal,2020,\N,160,6319.0,True
9709,tt8195518,Cuck,,2019,\N,115,16514.0,False
9710,tt8196692,Soul Hunters,Soul Hunters,2019,\N,101,5090.0,False
9713,tt8215480,Greatland,,2020,\N,104,2867.0,False
9740,tt8351646,5 Is the Perfect Number,5 è il numero perfetto,2019,\N,100,1267.0,False
9741,tt8354344,Witches in the Woods,,2019,\N,90,1598.0,False
9753,tt8380776,Gránd Islé,,2019,\N,97,4497.0,False
9755,tt8388508,Dear Comrade,Dear Comrade,2019,\N,169,7604.0,True
9765,tt8427036,Hélicớptér Éélá,,2018,\N,135,,False
9766,tt8435002,Great White,,2021,\N,91,6042.0,False
9768,tt8444450,Pet Graveyard,,2019,\N,100,1282.0,False
9773,tt8485772,Porno,Porno,2019,\N,98,2055.0,False
9774,tt8493998,Spare Parts,Spare Parts,2020,\N,91,1481.0,False
9781,tt8526872,Dolemite Is My Name,Dolemite Is My Name,2019,\N,118,58297.0,True
9796,tt8639326,Roe v. Wade,Roe v. Wade,2019,\N,112,,False
9818,tt8765580,Éxit Plán,Selvmordsturisten,2019,\N,90,1446.0,False
9858,tt8999372,Sir Alex Ferguson: Never Give In,Sir Alex Ferguson: Never Give In,2021,\N,108,3758.0,True
9867,tt9026184,Girl on the Third Floor,Girl on the Third Floor,2019,\N,93,,False
9872,tt9067182,Rớcks,,2019,\N,93,4247.0,True
9881,tt9102084,Fried Barry,,2020,\N,99,,False
9888,tt9128686,The Pool,,2018,\N,91,2222.0,False
9901,tt9178402,The Pale Door,The Pale Door,2020,\N,96,3156.0,False
9911,tt9224288,Mainstream,Mainstream,\N,2020,94,2076.0,False
9919,tt9260446,Don't Stop Me Now,,2019,\N,100,1057.0,False
9930,tt9352356,Thé Djinn,,2021,\N,82,3327.0,False
9944,tt9442842,In Séárch ớf Dárknéss,In Search of Darkness,2019,\N,264,2682.0,True
9949,tt9506474,The Hater,Sala samobójców. Hejter,2020,\N,135,14007.0,True
9952,tt9537532,Play or Die,Play or Die,2019,\N,89,1456.0,False
9954,tt9551936,Charlotte The Return,Charlotte 2,2019,\N,76,1688.0,False
9957,tt9580138,Mortal Kombat Legends: Scorpion's Revenge,Mortal Kombat Legends: Scorpion's Revenge,2020,\N,80,16223.0,True
9958,tt9586294,Better Days,,2019,\N,135,8011.0,True
9969,tt9652782,Bait,Bait,2019,\N,89,4356.0,True
9983,tt9766294,Fauji Calling,Fauji calling,2021,\N,134,2921.0,False
9986,tt9784798,Judas and the Black Messiah,Judas and the Black Messiah,2021,\N,126,65194.0,True
