,tconst,primaryTitle,originalTitle,startYear,endYear,runtimeMinutes,numVotes,label
14,tt0014109,The Saga of Gösta Berling,,1924,\N,183,1231.0,True
24,tt0015064,The Last Laugh,Der letzte Mann,1924,\N,77,,True
32,tt0015841,The Freshman,The Freshman,1925,\N,77,5374.0,True
47,tt0017271,By the Law,,\N,1926,80,1057.0,True
56,tt0018451,The Student Prince in Old Heidelberg,,1927,\N,106,1459.0,True
62,tt0018742,The Cameraman,The Cameraman,1928,\N,76,11388.0,True
69,tt0019379,Show People,,1928,\N,83,3695.0,True
76,tt0020018,In Old Arizona,,1928,\N,95,1049.0,False
80,tt0020793,Escape from Dartmoor,,1929,\N,88,1102.0,True
90,tt0022125,Marius,,1931,\N,130,2251.0,True
99,tt0022626,American Madness,,1932,\N,75,1996.0,True
107,tt0023622,Trouble in Paradise,,1932,\N,83,14090.0,True
113,tt0023876,Cavalcade,Cavalcade,\N,1933,112,5038.0,False
129,tt0024593,Son of Kong,,1933,\N,70,4501.0,False
136,tt0025164,Thé Gáy Divớrcéé,The Gay Divorcee,1934,\N,107,,True
164,tt0027532,Dớdswớrth,,1936,\N,101,8817.0,True
169,tt0027977,Modern Times,,1936,\N,87,231243.0,True
171,tt0028070,Our Relations,,\N,1936,71,3077.0,True
179,tt0028315,Stớwáwáy,,1936,\N,87,1323.0,True
189,tt0028773,Dead End,Dead End,1937,\N,93,,True
190,tt0028816,Easy Living,Easy Living,1937,\N,88,3417.0,True
203,tt0029747,Wáy Ớút Wést,Way Out West,1937,\N,66,8109.0,True
204,tt0029844,The Adventures of Tom Sawyer,The Adventures of Tom Sawyer,1938,\N,91,1967.0,True
208,tt0029957,La Bête Humaine,,1938,\N,100,7375.0,True
211,tt0030127,The Baker's Wife,,\N,1938,133,1991.0,True
217,tt0030637,Pygmalion,,\N,1938,96,8475.0,True
225,tt0031210,Dark Victory,Dark Victory,\N,1939,104,10794.0,True
226,tt0031225,Déstry Ridés Ágáin,Destry Rides Again,1939,\N,95,11094.0,True
244,tt0031851,Thé Rétúrn ớf Dớctớr X,The Return of Doctor X,1939,\N,62,2157.0,False
248,tt0032080,Union Pacific,,1939,\N,135,2941.0,True
260,tt0032339,A Chump at Oxford,A Chump at Oxford,1939,\N,62,3834.0,True
261,tt0032390,The Devil Bat,The Devil Bat,1940,\N,68,2946.0,False
268,tt0032653,Jud Süß,,1940,\N,98,3135.0,False
290,tt0033722,Hold Back the Dawn,,1941,\N,116,2358.0,True
294,tt0033787,King of the Zombies,King of the Zombies,1941,\N,67,2150.0,False
318,tt0034890,In This Our Life,,1942,\N,97,4742.0,True
330,tt0035228,The Courtyard of the Ballads,,1942,\N,121,1192.0,True
341,tt0035939,Ghosts on the Loose,Ghosts on the Loose,1943,\N,67,,False
342,tt0035966,Hangmen Also Die!,Hangmen Also Die!,1943,\N,134,5268.0,True
356,tt0036653,Bluebeard,Bluebeard,1944,\N,72,1823.0,False
360,tt0036855,Gaslight,,1944,\N,114,27003.0,True
362,tt0036922,Hollywood Canteen,Hollywood Canteen,1944,\N,124,2160.0,True
383,tt0037614,The Corn Is Green,The Corn Is Green,1945,\N,115,2845.0,True
399,tt0038348,Beauty and the Beast,La belle et la bête,1946,\N,96,25773.0,True
429,tt0039370,The Farmer's Daughter,,1947,\N,97,2514.0,True
431,tt0039420,The Ghost and Mrs. Muir,The Ghost and Mrs. Muir,1947,\N,104,18151.0,True
446,tt0039737,Pursued,Pursued,1947,\N,101,3148.0,True
455,tt0040321,Enchantment,,1948,\N,100,1142.0,True
456,tt0040338,The Fallen Idol,The Fallen Idol,1948,\N,95,8372.0,True
458,tt0040427,He Walked by Night,He Walked by Night,1948,\N,79,5714.0,True
468,tt0040662,Ớlivér Twist,,1948,\N,116,12121.0,True
469,tt0040705,Portrait of Jennie,,1948,\N,86,6688.0,True
477,tt0040872,They Live by Night,,\N,1948,95,7917.0,True
488,tt0041487,Hớúsé ớf Strángérs,House of Strangers,1949,\N,101,3306.0,True
496,tt0041786,The Reckless Moment,,1949,\N,82,4801.0,True
520,tt0042876,Rashomon,Rashômon,1950,\N,88,161820.0,True
522,tt0042906,La Ronde,La ronde,1950,\N,93,5243.0,True
525,tt0043014,Súnsét Blvd.,Sunset Blvd.,1950,\N,110,213309.0,True
585,tt0045693,Do Bigha Zamin,,1953,\N,131,1970.0,True
592,tt0045897,I Cớnféss,,1953,\N,95,20385.0,True
605,tt0046451,Touchez Pas au Grisbi,,1954,\N,94,7466.0,True
609,tt0046757,Beachhead,Beachhead,1954,\N,90,1030.0,False
622,tt0047478,Seven Samurai,,1954,\N,207,332152.0,True
624,tt0047507,The Snow Creature,,\N,1954,69,1058.0,False
627,tt0047573,Them!,,1954,\N,94,21361.0,True
635,tt0047898,Bride of the Monster,Bride of the Monster,1955,\N,69,7039.0,False
639,tt0048028,East of Eden,East of Eden,\N,1955,118,43999.0,True
640,tt0048055,The Far Country,,1954,\N,97,7308.0,True
643,tt0048308,Lola Montès,Lola Montès,1955,\N,116,5254.0,True
662,tt0048729,To Hell and Back,,1955,\N,106,5239.0,True
678,tt0049259,Gervaise,,1956,\N,112,1420.0,True
680,tt0049287,Gunslinger,Gunslinger,1956,\N,78,1623.0,False
682,tt0049293,The Captain from Köpenick,,1956,\N,93,1644.0,True
690,tt0049552,Nightfall,Nightfall,1956,\N,78,3908.0,True
696,tt0049777,The Solid Gold Cadillac,,1956,\N,99,1728.0,True
716,tt0050414,From Hell It Came,From Hell It Came,1957,\N,71,1780.0,False
719,tt0050539,The Incredible Shrinking Man,The Incredible Shrinking Man,1957,\N,81,17367.0,True
733,tt0051003,The Spirit of St. Louis,,\N,1957,135,7815.0,True
745,tt0051484,Thé Cớlớssús ớf Néw Yớrk,,1958,\N,70,1074.0,False
750,tt0051776,The Inn of the Sixth Happiness,,1958,\N,158,4795.0,True
751,tt0051790,"Iván thé Térriblé, Párt II: Thé Bớyárs' Plớt",,1958,\N,88,7189.0,True
757,tt0051959,Murder by Contract,,1958,\N,81,3438.0,True
792,tt0052809,The Five Pennies,The Five Pennies,1959,\N,117,1921.0,True
803,tt0053003,Libel,Libel,1959,\N,100,,True
812,tt0053198,The 400 Blows,,1959,\N,99,112705.0,True
869,tt0054353,Thé Súndớwnérs,The Sundowners,1960,\N,133,4101.0,True
871,tt0054358,Sword of Sherwood Forest,,1960,\N,80,1276.0,False
880,tt0054599,Accattone,,1961,\N,117,8217.0,True
902,tt0055233,Thé Húmán Cớnditiớn III: Á Sớldiér's Práyér,Ningen no jôken,1961,\N,190,5864.0,True
903,tt0055254,One Hundred and One Dalmatians,One Hundred and One Dalmatians,1961,\N,79,161433.0,True
904,tt0055256,"One, Two, Three",,1961,\N,104,20572.0,True
913,tt0055562,Invasion of the Neptune Men,Uchû Kaisokusen,1961,\N,75,2743.0,False
935,tt0056048,Gypsy,Gypsy,1962,\N,143,6095.0,True
936,tt0056049,The Naked Island,Hadaka no shima,1960,\N,96,,True
941,tt0056134,Kanchenjungha,Kanchenjungha,1962,\N,102,1085.0,True
945,tt0056196,Long Day's Journey Into Night,Long Day's Journey Into Night,1962,\N,174,5004.0,True
951,tt0056291,Knife in the Water,Nóz w wodzie,1962,\N,94,21358.0,True
979,tt0057229,Thé Réd Lántérns,Ta kokkina fanaria,1963,\N,132,1790.0,True
982,tt0057336,Muriel,,\N,1963,117,3043.0,True
985,tt0057427,The Trial,Le procès,1962,\N,119,20750.0,True
992,tt0057569,The Terror,The Terror,1963,\N,81,7497.0,False
993,tt0057578,This Spớrting Lifé,,1963,\N,134,6365.0,True
1022,tt0058331,Mary Poppins,,1964,\N,139,165535.0,True
1041,tt0058863,The 317th Platoon,,1965,\N,100,1297.0,True
1043,tt0058888,Red Beard,Akahige,1965,\N,185,18361.0,True
1046,tt0058985,Le Bonheur,,1965,\N,80,6990.0,True
1068,tt0059563,"Paradise, Hawaiian Style",,1966,\N,91,2045.0,False
1074,tt0059712,Ship of Fools,,1965,\N,149,5825.0,True
1095,tt0060429,Frankie and Johnny,,1966,\N,87,1995.0,False
1107,tt0060668,Márát/Sádé,,1967,\N,119,2453.0,True
1112,tt0060908,King of Hearts,,1966,\N,102,3902.0,True
1132,tt0061418,Bonnie and Clyde,Bonnie and Clyde,1967,\N,111,,True
1138,tt0061520,Corruption,Corruption,1968,\N,91,1298.0,False
1139,tt0061537,The Red and the White,,\N,1967,90,3402.0,True
1145,tt0061597,The One-Armed Swordsman,,1967,\N,115,3109.0,True
1147,tt0061620,Elvira Madigan,,1967,\N,91,,True
1153,tt0061758,Hells Angels on Wheels,,1967,\N,95,2411.0,False
1157,tt0061789,How I Won the War,,1967,\N,109,2318.0,False
1168,tt0062032,Succubus,,1968,\N,84,1090.0,False
1181,tt0062374,Titicút Fớlliés,,1967,\N,84,4430.0,True
1193,tt0062808,The Girl from Rio,,1969,\N,94,1011.0,False
1196,tt0062900,They Call Us Misfits,Dom kallar oss mods,\N,1968,100,1483.0,True
1197,tt0062952,Faces,,1968,\N,130,10291.0,True
1217,tt0063456,Pretty Poison,,1968,\N,89,3549.0,True
1221,tt0063493,Reconstruction,,1968,\N,100,1549.0,True
1223,tt0063518,Romeo and Juliet,,1968,\N,138,30904.0,True
1225,tt0063612,Skidoo,,1968,\N,98,1657.0,False
1226,tt0063615,Two Comrades Served,,1968,\N,99,1092.0,True
1232,tt0063834,Zátớichi Chálléngéd,,1967,\N,87,1285.0,True
1258,tt0064506,Ittefaq,Ittefaq,1969,\N,104,1044.0,True
1262,tt0064839,Crime and Punishment,Prestuplenie i nakazanie,1970,\N,221,1153.0,True
1263,tt0064861,This Man Must Die,,1969,\N,110,4375.0,True
1268,tt0064994,Lárks ớn á String,,1969,\N,94,1830.0,True
1283,tt0065489,Brancaleone at the Crusades,Brancaleone alle Crociate,1970,\N,116,1807.0,True
1292,tt0065772,Claire's Knee,,1970,\N,105,10540.0,True
1300,tt0066026,MASH,M*A*S*H,1970,\N,116,70767.0,True
1319,tt0066534,The Milky Way,La voie lactée,1969,\N,102,7387.0,True
1320,tt0066540,WÚSÁ,,1970,\N,115,1141.0,False
1332,tt0066827,Asylum Erotica,,1971,\N,96,1634.0,False
1336,tt0066856,Born to Win,Born to Win,1971,\N,88,1745.0,False
1338,tt0066906,Le Chat,Le chat,1971,\N,86,2054.0,True
1339,tt0066914,A Virgin Among the Living Dead,,1973,\N,105,2407.0,False
1391,tt0068190,Alice's Adventures in Wonderland,Alice's Adventures in Wonderland,1972,\N,101,1637.0,False
1396,tt0068278,The Bitter Tears of Petra von Kant,,1972,\N,124,9312.0,True
1408,tt0068528,The Effect of Gamma Rays on Man-in-the-Moon Marigolds,,1972,\N,100,2312.0,True
1415,tt0068655,The Tall Blond Man with One Black Shoe,Le grand blond avec une chaussure noire,1972,\N,90,7933.0,True
1417,tt0068716,Tower of Evil,,1972,\N,89,1653.0,False
1436,tt0069239,Season of the Witch,,1972,\N,130,3245.0,False
1449,tt0069718,Anita,Anita,\N,1973,95,,False
1461,tt0069995,Dớn't Lớớk Nớw,Don't Look Now,1973,\N,110,53742.0,True
1466,tt0070099,The Bride,Gelin,1973,\N,92,1387.0,True
1471,tt0070217,The Illumination,,1973,\N,91,1578.0,True
1488,tt0070666,Serpico,,1973,\N,130,117991.0,True
1491,tt0070696,The Sinful Dwarf,,1973,\N,95,1486.0,False
1500,tt0071159,Friend,Arkadas,\N,1974,105,1400.0,True
1513,tt0071508,Flesh for Frankenstein,,1973,\N,95,5709.0,False
1524,tt0071859,The Traveler,Mossafer,\N,1974,83,1653.0,True
1533,tt0072443,Mirror,,1975,\N,107,44118.0,True
1545,tt0072890,Dog Day Afternoon,,1975,\N,125,247872.0,True
1551,tt0072976,Fớx ánd His Friénds,Faustrecht der Freiheit,1975,\N,123,5812.0,True
1562,tt0073312,Love and Death,,1975,\N,85,37705.0,True
1563,tt0073317,Lucky Lady,,1975,\N,118,1199.0,False
1565,tt0073363,Manila in the Claws of Light,,1975,\N,125,1690.0,True
1581,tt0074084,1900,Novecento,1976,\N,317,24897.0,True
1584,tt0074228,Bobbie Jo and the Outlaw,,1976,\N,88,1039.0,False
1590,tt0074291,Fellini's Casanova,,1976,\N,155,7747.0,True
1622,tt0074888,The Best Way to Walk,La meilleure façon de marcher,1976,\N,82,1494.0,True
1642,tt0075669,Amar Akbar Anthony,,1977,\N,184,7567.0,True
1650,tt0075793,We All Loved Each Other So Much,,\N,1974,124,6166.0,True
1654,tt0075888,The Crater Lake Monster,,1977,\N,85,1489.0,False
1672,tt0076348,Madame Rosa,,1977,\N,105,1320.0,True
1691,tt0077138,The Tree of Wooden Clogs,,1978,\N,186,5914.0,True
1706,tt0077421,Despair,,1978,\N,119,2388.0,True
1709,tt0077533,Faces of Death,Faces of Death,1978,\N,105,6887.0,False
1724,tt0078058,Odds and Evens,Pari e dispari,1978,\N,115,8664.0,True
1729,tt0078243,Thé 36th Chámbér ớf Sháớlin,,1978,\N,116,,True
1732,tt0078343,The Killer Nun,,1979,\N,88,1835.0,False
1739,tt0078718,And Justice for All,,1979,\N,119,,True
1742,tt0078748,Alien,Alien,1979,\N,117,833476.0,True
1794,tt0080339,Airplane!,,\N,1980,88,226998.0,True
1797,tt0080437,The Big Red One,,1980,\N,113,19432.0,True
1804,tt0080530,Everything Happens to Me,Chissà perché... capitano tutte a me,1980,\N,99,2747.0,False
1816,tt0080948,The Jazz Singer,The Jazz Singer,\N,1980,115,4302.0,False
1818,tt0081031,The Last Flight of Noah's Ark,The Last Flight of Noah's Ark,1980,\N,97,1361.0,False
1833,tt0081677,The Last Shark,,1981,\N,88,2680.0,False
1836,tt0082073,"Bianco, rosso e Verdone","Bianco, rosso e Verdone",1981,\N,110,3555.0,True
1841,tt0082138,Carbon Copy,Carbon Copy,1981,\N,92,2767.0,False
1846,tt0082210,El crack,El crack,1981,\N,131,1474.0,True
1849,tt0082257,Demonoid,Demonoid,1981,\N,78,1227.0,False
1852,tt0082338,Túrkéy Shớớt,Turkey Shoot,1982,\N,93,3561.0,False
1857,tt0082410,Frankenstein Island,Frankenstein Island,1981,\N,97,1111.0,False
1874,tt0082700,Cannibal Ferox,Cannibal ferox,1981,\N,93,9676.0,False
1877,tt0082736,Mephisto,,1981,\N,144,10212.0,True
1883,tt0082799,Movie Madness,,1982,\N,89,1066.0,False
1890,tt0082956,Púbérty Blúés,Puberty Blues,\N,1981,87,1408.0,False
1905,tt0083260,Bolero,,1981,\N,184,,True
1912,tt0083557,Android,,1982,\N,80,2406.0,False
1917,tt0083652,Bill Cosby: Himself,Bill Cosby: Himself,1983,\N,105,3533.0,True
1921,tt0083801,Deadly Eyes,,1982,\N,87,1318.0,False
1927,tt0083907,The Evil Dead,The Evil Dead,1981,\N,85,198642.0,True
1929,tt0083931,Son of the White Mare,Fehérlófia,1981,\N,86,1899.0,True
1964,tt0084704,The Soldier,,1982,\N,96,1191.0,False
1966,tt0084740,El Sur,,1983,\N,95,5013.0,True
1980,tt0085124,1990: The Bronx Warriors,1990: I guerrieri del Bronx,1982,\N,92,3324.0,False
1983,tt0085236,Béyớnd thé Limit,,1983,\N,104,1334.0,False
1991,tt0085356,Conquest,Conquest,1983,\N,88,2296.0,False
2002,tt0085529,My Best Friend's Girl,,1983,\N,99,1045.0,False
2003,tt0085599,Sweet Bunch,Glykia symmoria,1983,\N,154,1539.0,True
2007,tt0085672,Hercules,Hercules,1983,\N,98,3896.0,False
2015,tt0085864,Fearless Hyena 2,Long teng hu yue,\N,1983,94,1641.0,False
2024,tt0086026,Extra Terrestrial Visitors,,1983,\N,80,4544.0,False
2034,tt0086199,Crime and Punishment,,\N,1983,93,2389.0,True
2035,tt0086216,Rumble Fish,,1983,\N,94,33450.0,True
2039,tt0086242,The Makioka Sisters,,1983,\N,140,1528.0,True
2052,tt0086423,Téndér Mérciés,Tender Mercies,1983,\N,92,10315.0,True
2055,tt0086465,Trading Places,,1983,\N,116,145141.0,True
2059,tt0086551,Confidentially Yours,,1983,\N,110,6478.0,True
2063,tt0086637,Zelig,,1983,\N,79,41378.0,True
2064,tt0086643,Ziggy Stardust and the Spiders from Mars,Ziggy Stardust and the Spiders from Mars,1979,\N,90,2607.0,True
2066,tt0086872,Prey,Prey,1977,\N,78,1327.0,False
2069,tt0086961,Nớ Énd,,1985,\N,107,4705.0,True
2076,tt0086999,Bréákin' 2: Éléctric Bớớgálớớ,,\N,1984,94,4133.0,False
2079,tt0087020,Calamari Union,Calamari Union,1985,\N,81,3331.0,True
2109,tt0087843,Once Upon a Time in America,,1984,\N,229,333775.0,True
2110,tt0087864,Over the Brooklyn Bridge,,1984,\N,108,1477.0,False
2117,tt0088099,Sharaabi,,1984,\N,180,2826.0,True
2122,tt0088213,Swing Shift,,1984,\N,100,4664.0,False
2133,tt0088708,American Warrior,,1985,\N,95,,False
2152,tt0089108,Wáiting fớr thé Héársé,,1985,\N,94,6015.0,True
2173,tt0089686,A Nightmare on Elm Street 2: Freddy's Revenge,,1985,\N,87,66717.0,False
2174,tt0089695,"No Retreat, No Surrender",No Retreat No Surrender,1985,\N,85,16558.0,False
2175,tt0089716,Colonel Redl,,1985,\N,144,2917.0,True
2179,tt0089776,Parole de flic,Parole de flic,1985,\N,98,1124.0,False
2186,tt0089941,Runaway Train,Runaway Train,1985,\N,111,28509.0,True
2191,tt0090057,Spớớkiés,,1986,\N,85,3220.0,False
2200,tt0090333,Wizards of the Lost Kingdom,Wizards of the Lost Kingdom,1985,\N,72,1649.0,False
2214,tt0090837,Chopping Mall,,1986,\N,77,13718.0,False
2218,tt0091019,Every Time We Say Goodbye,Every Time We Say Goodbye,1986,\N,95,2424.0,False
2231,tt0091203,Highlander,,1986,\N,116,130640.0,True
2242,tt0091466,Mama is boos!,Mama is boos!,\N,1986,110,,False
2253,tt0091658,Nutcracker,Nutcracker,\N,1986,89,,True
2274,tt0092133,Under the Cherry Moon,Under the Cherry Moon,1986,\N,100,3335.0,False
2286,tt0092563,Ángél Héárt,,1987,\N,113,85184.0,True
2291,tt0092671,Blood Harvest,,1987,\N,88,1139.0,False
2304,tt0092860,Deathstalker II,,1987,\N,85,2721.0,False
2321,tt0093175,Hello Again,,1987,\N,96,3401.0,False
2333,tt0093415,Light of Day,,1987,\N,107,2769.0,False
2337,tt0093477,Making Mr. Right,,1987,\N,98,2684.0,False
2338,tt0093493,Mannequin,,1987,\N,90,31030.0,False
2340,tt0093546,The Misfit Brigade,,1987,\N,100,1954.0,False
2347,tt0093754,Repentance,Monanieba,1984,\N,153,4340.0,True
2361,tt0093991,Slave Girls from Beyond Infinity,Slave Girls from Beyond Infinity,1987,\N,74,1468.0,False
2369,tt0094118,Teen Wolf Too,Teen Wolf Too,\N,1987,95,12469.0,False
2371,tt0094138,Three O'Clock High,Three O'Clock High,1987,\N,97,11642.0,True
2374,tt0094291,Wall Street,,1987,\N,126,,True
2383,tt0094620,After Death,After Death (Oltre la morte),\N,1989,84,2492.0,False
2387,tt0094683,Assa,Assa,1987,\N,153,2614.0,True
2393,tt0094812,Bull Durham,Bull Durham,\N,1988,108,52078.0,True
2401,tt0094889,Cớcktáil,Cocktail,1988,\N,104,82808.0,False
2407,tt0095082,Eight Men Out,,1988,\N,119,19805.0,True
2415,tt0095244,Zerograd,,1988,\N,103,2055.0,True
2419,tt0095299,Hide and Go Shriek,Hide and Go Shriek,\N,1988,90,1642.0,False
2422,tt0095389,Jack's Back,Jack's Back,1988,\N,97,3301.0,False
2433,tt0095640,Miles from Home,Miles from Home,\N,1988,108,1456.0,False
2436,tt0095705,The Naked Gun: From the Files of Police Squad!,,1988,\N,85,162007.0,True
2441,tt0095801,Bagdad Cafe,,1987,\N,95,13430.0,True
2444,tt0095903,The Prince of Pennsylvania,The Prince of Pennsylvania,1988,\N,87,,False
2447,tt0095924,Pulse,,1988,\N,91,2419.0,False
2455,tt0096073,The Seventh Sign,,1988,\N,97,14296.0,False
2461,tt0096256,They Live,They Live,1988,\N,94,122365.0,True
2470,tt0096764,The Adventures of Baron Munchausen,,\N,1988,126,52507.0,True
2485,tt0097244,God of Gamblers,,1989,\N,126,5227.0,True
2488,tt0097364,Flesh-Eating Mothers,,1988,\N,89,1084.0,False
2489,tt0097368,The Fly II,The Fly II,1989,\N,105,22368.0,False
2506,tt0097630,Jớúrnéy tớ thé Céntér ớf thé Éárth,Journey to the Center of the Earth,1988,\N,100,1224.0,False
2511,tt0097757,The Little Mermaid,The Little Mermaid,1989,\N,83,249723.0,True
2520,tt0097937,My Left Foot,My Left Foot: The Story of Christy Brown,1989,\N,103,71957.0,True
2527,tt0098055,Red Wood Pigeon,Palombella rossa,1989,\N,89,2514.0,True
2528,tt0098073,Penn & Teller Get Killed,Penn & Teller Get Killed,1989,\N,89,1883.0,False
2533,tt0098205,Rivér ớf Déáth,,\N,1989,107,1243.0,False
2540,tt0098327,The Seventh Continent,,1989,\N,104,14389.0,True
2553,tt0099043,Anjali,,1990,\N,150,2923.0,True
2568,tt0099450,The Boyfriend School,Don't Tell Her It's Me,1990,\N,103,2811.0,False
2587,tt0099949,Korczak,Korczak,1990,\N,118,1365.0,True
2594,tt0100107,Maniac Cop 2,Maniac Cop 2,1990,\N,90,7042.0,False
2596,tt0100129,Meet the Applegates,Meet the Applegates,\N,1990,90,2359.0,False
2599,tt0100157,Misery,Misery,\N,1990,107,198018.0,True
2601,tt0100211,Music Box,Music Box,1989,\N,124,7564.0,True
2611,tt0100502,RoboCop 2,,1990,\N,117,84349.0,False
2626,tt0101268,Across the Tracks,,1990,\N,100,,False
2628,tt0101327,American Shaolin,,1991,\N,106,1409.0,False
2654,tt0101988,The Guyver,Guyver,1991,\N,88,5164.0,False
2658,tt0102138,JFK,JFK,1991,\N,189,,True
2666,tt0102395,Mánnéqúin: ớn thé Mớvé,Mannequin: On the Move,1991,\N,95,6181.0,False
2668,tt0102443,A Midnight Clear,A Midnight Clear,1992,\N,108,8848.0,True
2684,tt0102913,Shout,,1991,\N,89,1945.0,False
2693,tt0103116,Trancers II,Trancers II,1991,\N,88,2065.0,False
2696,tt0103184,V.I. Warshawski,V.I. Warshawski,1991,\N,89,5069.0,False
2697,tt0103186,Cows,,1992,\N,96,3685.0,True
2699,tt0103303,Year of the Gun,,1991,\N,111,,False
2700,tt0103596,3 Ninjas,3 Ninjas,1992,\N,84,21206.0,False
2701,tt0103671,American Me,,1992,\N,125,9143.0,True
2704,tt0103786,Beethoven,Beethoven,1992,\N,87,69845.0,False
2707,tt0103872,Brain Donors,,1992,\N,80,4299.0,True
2729,tt0104466,Husbands and Wives,,1992,\N,108,28738.0,True
2738,tt0104756,Lớrénzớ's Ớil,Lorenzo's Oil,1992,\N,129,21869.0,True
2745,tt0104810,Manufacturing Consent: Noam Chomsky and the Media,Manufacturing Consent: Noam Chomsky and the Media,1992,\N,167,4709.0,True
2763,tt0105322,Scanners III: The Takeover,Scanners III: The Takeover,1991,\N,101,2146.0,False
2764,tt0105328,Schtonk,,\N,1992,115,3586.0,True
2777,tt0105750,Lá Vié dé Bớhèmé,,1992,\N,103,5455.0,True
2781,tt0105811,Whispérs in thé Dárk,Whispers in the Dark,1992,\N,103,2189.0,False
2793,tt0106400,The Beverly Hillbillies,,1993,\N,92,18194.0,False
2798,tt0106466,Born Yesterday,Born Yesterday,\N,1993,100,3909.0,False
2832,tt0107358,The Blue Kite,Lan feng zheng,1993,\N,140,2880.0,True
2861,tt0108211,Stálingrád,,\N,1993,134,33800.0,True
2863,tt0108258,Surf Ninjas,Surf Ninjas,1993,\N,87,7986.0,False
2873,tt0108515,The War Room,The War Room,1993,\N,96,4141.0,True
2878,tt0108606,Heroic Trio 2: Executioners,Yin doi hou hap zyun,1993,\N,101,,False
2879,tt0108633,Thé Yớúng Áméricáns,,1993,\N,103,2583.0,False
2883,tt0109098,American Cyborg: Steel Warrior,,1993,\N,94,1457.0,False
2900,tt0109480,Cops and Robbersons,,1994,\N,93,6734.0,False
2901,tt0109506,The Crow,The Crow,1994,\N,102,176246.0,True
2906,tt0109642,Dolores Claiborne,,1995,\N,132,41988.0,True
2907,tt0109676,Drớp Zớné,,1994,\N,101,,False
2919,tt0109858,Funny Man,,1994,\N,93,1201.0,False
2925,tt0110044,Holy Matrimony,,1994,\N,93,1481.0,False
2931,tt0110168,My Summer Story,It Runs in the Family,1994,\N,85,1570.0,False
2933,tt0110200,Fist of Legend,,1994,\N,103,23244.0,True
2941,tt0110296,Ladybird Ladybird,,1994,\N,101,3447.0,True
2970,tt0111003,Thé Púppét Mástérs,,1994,\N,109,8879.0,False
2993,tt0112373,Anne Frank Remembered,Anne Frank Remembered,1995,\N,117,1151.0,True
3005,tt0112573,Braveheart,Braveheart,1995,\N,178,996577.0,True
3017,tt0112800,The Blade,,1995,\N,105,3216.0,True
3040,tt0113552,Kiss ớf Déáth,Kiss of Death,1995,\N,101,18806.0,False
3046,tt0113725,Mábớrớsi,Maboroshi no hikari,1995,\N,110,5749.0,True
3047,tt0113729,Mad Love,,1995,\N,93,6488.0,False
3049,tt0113755,Man of the House,,1995,\N,96,9407.0,False
3053,tt0113820,Mighty Morphin Power Rangers: The Movie,,1995,\N,95,26664.0,False
3060,tt0113922,Like Grains of Sand,,1995,\N,129,1408.0,True
3061,tt0113971,Nothing Funny,,1995,\N,95,3355.0,True
3082,tt0114622,North Star,,1996,\N,90,1242.0,False
3084,tt0114666,The Tie That Binds,The Tie That Binds,1995,\N,99,1174.0,False
3092,tt0114825,Vampire in Brooklyn,,\N,1995,100,23032.0,False
3096,tt0115005,Xiu Xiu: The Sent-Down Girl,,1998,\N,99,3316.0,True
3100,tt0115472,The Adventures of Pinocchio,,1996,\N,96,5656.0,False
3109,tt0115650,The Green Planet,La belle verte,1996,\N,99,4652.0,True
3115,tt0115736,Bound,Bound,1996,\N,109,,True
3120,tt0115783,Bulletproof,Bulletproof,1996,\N,84,37755.0,False
3127,tt0116039,Day of the Warrior,,1996,\N,96,,False
3128,tt0116040,Daylight,,1996,\N,114,,False
3131,tt0116209,The English Patient,,1996,\N,162,185397.0,True
3135,tt0116247,Evil Ed,Evil Ed,1995,\N,93,3576.0,False
3140,tt0116293,Female Perversions,Female Perversions,1996,\N,120,2451.0,False
3161,tt0116756,Kázáám,,1996,\N,93,24021.0,False
3162,tt0116763,Khamoshi the Musical,Khamoshi: The Musical,1996,\N,160,4063.0,True
3163,tt0116767,Kids Return,Kizzu ritân,1996,\N,107,5979.0,True
3170,tt0116883,Lilla Jönssonligan och cornflakeskuppen,Lilla Jönssonligan och cornflakeskuppen,1996,\N,90,1556.0,False
3177,tt0117056,The Mirror,Ayneh,1997,\N,95,2641.0,True
3189,tt0117318,The People vs. Larry Flynt,The People vs. Larry Flynt,1996,\N,130,92279.0,True
3193,tt0117427,Race the Sun,Race the Sun,1996,\N,100,3163.0,False
3204,tt0117688,Solo,,1996,\N,94,,False
3209,tt0117797,Swallowtail Butterfly,,1996,\N,148,3763.0,True
3213,tt0117894,Thinner,,1996,\N,93,29810.0,False
3225,tt0118147,When We Were Kings,When We Were Kings,1996,\N,88,17472.0,True
3235,tt0118749,Boogie Nights,,\N,1997,155,253097.0,True
3237,tt0118751,Border,Border,1997,\N,176,15370.0,True
3238,tt0118755,The Borrowers,,1997,\N,89,22030.0,False
3248,tt0118927,Dangerous Ground,,1997,\N,95,1911.0,False
3280,tt0119375,Insomnia,,1997,\N,96,13938.0,True
3291,tt0119588,The Wax Mask,M.D.C. - Maschera di cera,1997,\N,98,2163.0,False
3298,tt0119792,Nil by Mouth,,1997,\N,128,,True
3308,tt0120001,Behind the Lines,,1997,\N,114,2378.0,True
3323,tt0120213,Slappy and the Stinkers,Slappy and the Stinkers,1998,\N,78,1215.0,False
3328,tt0120338,Titanic,,1997,\N,194,1107772.0,True
3331,tt0120456,Virását,Virasat,1997,\N,165,2624.0,True
3363,tt0120855,Tarzan,Tarzan,\N,1999,88,215049.0,True
3367,tt0120903,X-Mén,,2000,\N,104,592408.0,True
3372,tt0122529,Henry Fool,Henry Fool,1997,\N,137,7195.0,True
3382,tt0123390,Thé Miscéllánéớús Brigádé ớn thé Wátch,,1971,\N,95,,True
3392,tt0125664,Man on the Moon,,1999,\N,118,128254.0,True
3400,tt0127276,The Shadow Men,,1997,\N,95,,False
3403,tt0127759,L.E.T.H.A.L. Ladies: Return to Savage Beach,L.E.T.H.A.L. Ladies: Return to Savage Beach,1998,\N,98,1291.0,False
3406,tt0128133,The Harmonists,Comedian Harmonists,1997,\N,126,3420.0,True
3447,tt0137201,Rúdớlph thé Réd-Nớséd Réindéér: Thé Mớvié,Rudolph the Red-Nosed Reindeer: The Movie,1998,\N,92,2710.0,False
3458,tt0138874,Three Seasons,,1999,\N,113,3188.0,True
3464,tt0139872,Avvai Shanmugi,,1996,\N,161,2432.0,True
3494,tt0144555,Premutos - Der gefallene Engel,Premutos - Der gefallene Engel,1997,\N,106,1558.0,False
3495,tt0144782,The Red Light Bandit,,\N,1968,92,1376.0,True
3508,tt0149261,Deep Blue Sea,,1999,\N,105,130449.0,False
3515,tt0151035,Ớncé Úpớn á Timé Théré Wás á Singing Bláckbird,Iko shashvi mgalobeli,1970,\N,85,1077.0,True
3516,tt0151572,The Miracle of P. Tinto,El milagro de P. Tinto,1998,\N,106,,True
3531,tt0156843,Night of the Ghouls,Night of the Ghouls,1959,\N,69,2442.0,False
3532,tt0156849,Of Freaks and Men,,1998,\N,93,3559.0,True
3538,tt0157472,Clớckstớppérs,,2002,\N,94,14010.0,False
3554,tt0162930,Die Hard Dracula,Die Hard Dracula,1998,\N,88,3481.0,False
3557,tt0163025,Jurassic Park III,Jurassic Park III,2001,\N,92,307284.0,False
3577,tt0165832,Intérstáté 60: Épisớdés ớf thé Rớád,,2002,\N,116,31577.0,True
3588,tt0167203,I Dreamed of Africa,I Dreamed of Africa,2000,\N,114,,False
3589,tt0167260,The Lord of the Rings: The Return of the King,,2003,\N,201,1729584.0,True
3625,tt0174852,The Last Days,,1998,\N,87,3675.0,True
3650,tt0180668,Elvis Gratton II: Miracle à Memphis,Elvis Gratton II: Miracle à Memphis,1999,\N,105,1020.0,False
3658,tt0181627,Kirikou and the Sorceress,,1998,\N,71,9432.0,True
3668,tt0184005,Werner - Volles Rooäää!!!,,1999,\N,77,,False
3694,tt0189592,Hum Aapke Dil Mein Rehte Hain,Hum Aapke Dil Mein Rehte Hain,1999,\N,168,1628.0,False
3704,tt0192614,The Skulls,,2000,\N,106,31891.0,False
3721,tt0198386,The Crew,,2000,\N,88,5929.0,False
3743,tt0203230,You Can Count on Me,You Can Count on Me,\N,2000,111,29396.0,True
3746,tt0204932,A Summer Tale,,2000,\N,91,3714.0,True
3747,tt0205177,Kévin & Pérry Gớ Lárgé,Kevin & Perry Go Large,2000,\N,82,13113.0,False
3748,tt0205271,Dr. T & thé Wớmén,Dr. T & the Women,2000,\N,122,19449.0,False
3750,tt0206013,My Neighbors the Yamadas,Hôhokekyo tonari no Yamada-kun,1999,\N,104,13467.0,True
3751,tt0206216,Railroad Man,Poppoya,1999,\N,112,1147.0,True
3763,tt0210299,Songcatcher,Songcatcher,2000,\N,109,3454.0,True
3769,tt0211181,102 Dalmatians,102 Dalmatians,\N,2000,100,,False
3797,tt0218080,Agent Red,Agent Red,2000,\N,95,1214.0,False
3805,tt0221073,Chopper,Chopper,2000,\N,94,37725.0,True
3815,tt0227034,Mársál,,1999,\N,97,1849.0,True
3820,tt0228871,Sléépwálkér,,\N,2000,95,1278.0,False
3824,tt0231971,Réstléss,Levottomat,2000,\N,111,3749.0,False
3836,tt0234748,Slime City,,1988,\N,81,1023.0,False
3839,tt0235048,Wicked Spring,Wicked Spring,2002,\N,102,1006.0,False
3860,tt0240425,Comet in Moominland,,1992,\N,70,,True
3861,tt0240515,Freddy Got Fingered,,2001,\N,87,47807.0,False
3872,tt0242508,Harvard Man,,2001,\N,99,4394.0,False
3894,tt0245929,Devils on the Doorstep,,2000,\N,139,,True
3897,tt0246765,Lumumba,Lumumba,2000,\N,115,1926.0,True
3900,tt0247745,Súpér Trớớpérs,Super Troopers,2001,\N,100,101315.0,True
3904,tt0247992,Dulhan Hum Le Jayenge,Dulhan Hum Le Jayenge,\N,2000,158,3411.0,False
3965,tt0257360,About Schmidt,About Schmidt,2002,\N,125,126940.0,True
3969,tt0258463,The Bourne Identity,,2002,\N,119,528882.0,True
3975,tt0259442,The Monkey's Mask,The Monkey's Mask,2000,\N,93,1558.0,False
3976,tt0259484,Paid in Full,Paid in Full,2002,\N,97,12007.0,True
3984,tt0261992,Winter Break,,2003,\N,92,1324.0,False
3999,tt0264476,Children Underground,,2001,\N,104,2335.0,True
4014,tt0266437,Demobbed,DMB,2000,\N,90,2536.0,True
4048,tt0272207,Narc,,2002,\N,105,39905.0,True
4052,tt0273300,Jump Tomorrow,,2001,\N,97,1435.0,True
4056,tt0274117,Read My Lips,,2001,\N,115,15349.0,True
4059,tt0275277,Cowboy Bebop: The Movie,Cowboy Bebop: Tengoku no tobira,2001,\N,115,46505.0,True
4063,tt0276033,The Country Bears,The Country Bears,2002,\N,88,5446.0,False
4085,tt0280590,Mr. Deeds,,2002,\N,96,140920.0,False
4095,tt0282179,Spiders II: Breeding Ground,Spiders II: Breeding Ground,2001,\N,96,,False
4097,tt0282386,Blood Feast 2: All U Can Eat,,2002,\N,92,1410.0,False
4103,tt0283026,Swimfan,,2002,\N,85,19868.0,False
4107,tt0283632,They,They,2002,\N,89,12757.0,False
4120,tt0286112,Shaolin Soccer,Siu Lam juk kau,2001,\N,113,77929.0,True
4125,tt0287320,The Attack of the Giant Mousaka,,1999,\N,99,1009.0,False
4133,tt0289080,Ayam El-Sadat,Ayam El-Sadat,2001,\N,165,1562.0,True
4153,tt0292963,Before the Devil Knows You're Dead,,2007,\N,117,101268.0,True
4159,tt0294594,The Gathering,,2002,\N,96,7790.0,False
4160,tt0294725,Me and Morrison,Minä ja Morrison,2001,\N,91,1869.0,False
4179,tt0300140,Lilya 4-Ever,Lilja 4-ever,\N,2002,109,44586.0,True
4193,tt0302935,Polle Fiction,,2002,\N,90,,False
4227,tt0308443,Just for Kicks,Just for Kicks,2003,\N,92,1359.0,False
4230,tt0308808,Revolution OS,,2001,\N,85,2483.0,True
4237,tt0311041,Waiting Alone,,\N,2004,107,1075.0,True
4252,tt0314331,Love Actually,,2003,\N,135,455057.0,True
4264,tt0315983,House of Sand and Fog,,2003,\N,126,67358.0,True
4265,tt0316356,Open Range,,2003,\N,139,70468.0,True
4279,tt0319524,How to Deal,,2003,\N,101,,False
4302,tt0326965,In My Sléép,,2010,\N,104,2067.0,False
4307,tt0327419,Amir El Zalam,Amir El Zalam,2002,\N,\N,1567.0,False
4323,tt0329575,Seabiscuit,,2003,\N,140,70966.0,True
4345,tt0335266,Lost in Translation,,2003,\N,102,436889.0,True
4347,tt0337579,Barbershop 2: Back in Business,,\N,2004,106,14714.0,False
4349,tt0337689,Christmas on the Nile,Natale sul Nilo,2002,\N,100,1585.0,False
4357,tt0338751,The Aviator,The Aviator,2004,\N,170,349002.0,True
4372,tt0340377,The Station Agent,,2003,\N,89,69332.0,True
4385,tt0345950,The SpongeBob SquarePants Movie,,2004,\N,87,86122.0,True
4431,tt0358273,Walk the Line,Walk the Line,2005,\N,136,243395.0,True
4432,tt0358294,Into the Sun,Into the Sun,2005,\N,97,7480.0,False
4449,tt0361925,Welcome to Mooseport,Welcome to Mooseport,\N,2004,110,12599.0,False
4450,tt0362084,The Return of James Battle,,2004,\N,92,1418.0,False
4466,tt0364930,Aileen: Life and Death of a Serial Killer,,\N,2003,93,6623.0,True
4483,tt0367631,D.É.B.S.,,2004,\N,91,15561.0,False
4517,tt0373416,Underclassman,Underclassman,2005,\N,95,5731.0,False
4521,tt0373712,Just Bea,,2004,\N,86,1389.0,False
4522,tt0373747,House of Sand,,\N,2005,115,3193.0,True
4541,tt0376105,Racing Stripes,,2005,\N,102,16803.0,False
4542,tt0376541,Closer,Closer,2004,\N,104,211706.0,True
4552,tt0377713,Cube Zero,Cube Zero,2004,\N,97,39597.0,False
4563,tt0379217,Coffee and Cigarettes,Coffee and Cigarettes,2003,\N,95,62057.0,True
4567,tt0379375,Matrubhoomi: A Nation Without Women,,2003,\N,99,2105.0,True
4571,tt0380164,Acacia,Akasia,\N,2003,103,1989.0,False
4581,tt0381682,A Hole in My Heart,Ett hål i mitt hjärta,2004,\N,98,4825.0,False
4584,tt0381849,3:10 to Yuma,,\N,2007,122,300411.0,True
4592,tt0382561,Hair Show,Hair Show,2004,\N,105,5740.0,False
4604,tt0384642,Kicking & Screaming,,2005,\N,95,37457.0,False
4620,tt0386651,Mountain Patrol,Kekexili,2004,\N,85,4987.0,True
4621,tt0386751,The River King,The River King,2005,\N,99,3620.0,False
4626,tt0387575,Seed of Chucky,,2004,\N,87,43508.0,False
4627,tt0387844,Asmali konak: Hayat,Asmali konak: Hayat,2003,\N,120,1011.0,False
4639,tt0389448,Tie Xi Qu: West of the Tracks,,2002,\N,551,1123.0,True
4641,tt0389957,Edison,,2005,\N,99,15293.0,False
4646,tt0390205,Once Upon a Time in High School: The Spirit of Jeet Kune Do,Maljukgeori janhoksa,2004,\N,116,2553.0,True
4650,tt0391095,Dréámlánd,Dreamland,\N,2007,77,1108.0,False
4652,tt0392494,Natale in India,Natale in India,2003,\N,96,1500.0,False
4656,tt0393685,Santa's Slay,,2005,\N,78,9737.0,False
4658,tt0395140,My Littlé Bridé,Eorin shinbu,2004,\N,115,5499.0,True
4663,tt0396184,Púshér II,Pusher II,2004,\N,100,20972.0,True
4676,tt0398808,Bridge to Terabithia,Bridge to Terabithia,2007,\N,96,150453.0,True
4681,tt0399295,Lord of War,,2005,\N,122,305301.0,True
4682,tt0399465,Blackmail Boy,,2003,\N,100,1141.0,False
4686,tt0401085,C.R.Á.Z.Y.,,2005,\N,129,32160.0,True
4688,tt0401792,Sin City,Sin City,2005,\N,124,,True
4706,tt0404203,Little Children,,2006,\N,137,,True
4710,tt0405266,Raincoat,,2004,\N,117,4334.0,True
4724,tt0408236,Sweeney Todd: The Demon Barber of Fleet Street,Sweeney Todd: The Demon Barber of Fleet Street,2007,\N,116,356803.0,True
4729,tt0409011,Lovewrecked,Love Wrecked,2005,\N,87,14488.0,False
4730,tt0409072,Windstruck,,2004,\N,123,,True
4739,tt0411323,Downloading Nancy,Downloading Nancy,2008,\N,102,2848.0,False
4762,tt0415949,Keeping Up with the Steins,,\N,2006,90,3198.0,False
4800,tt0422093,Diary of a Mad Black Woman,,2005,\N,116,14310.0,False
4814,tt0424430,Crying Out Love in the Center of the World,"Sekai no chûshin de, ai o sakebu",2004,\N,138,3392.0,True
4815,tt0424434,Béáútifúl City,Shahr-e ziba,2004,\N,98,5441.0,True
4823,tt0424993,Émplớyéé ớf thé Mớnth,,2006,\N,103,46821.0,False
4826,tt0425235,Wé Sháll Ớvércớmé,,2006,\N,109,2597.0,True
4829,tt0425379,Pusher III,,2005,\N,108,15224.0,True
4856,tt0429573,An American Haunting,,2005,\N,83,25439.0,False
4858,tt0429591,Aquamarine,Aquamarine,2006,\N,110,41176.0,False
4874,tt0433416,Thé Námésáké,The Namesake,2006,\N,122,20244.0,True
4880,tt0435434,Swing Girls,,2004,\N,105,3916.0,True
4924,tt0445506,Peacock,,2005,\N,136,1021.0,True
4944,tt0450188,La Vie En Rose,La Môme,2007,\N,140,85321.0,True
4952,tt0451069,The Gospel,,2005,\N,105,2191.0,False
4959,tt0452580,A Year Ago in Winter,Im Winter ein Jahr,2008,\N,129,1568.0,True
4960,tt0452598,Chéápér by thé Dớzén 2,,2005,\N,94,57224.0,False
4964,tt0452694,The Time Traveler's Wife,The Time Traveler's Wife,2009,\N,107,146516.0,True
4967,tt0453494,Hoot,Hoot,2006,\N,95,8224.0,False
4969,tt0454065,The Aerial,La antena,\N,2007,99,4205.0,True
4974,tt0455115,H6: Diáriớ dé ún ásésinớ,,2005,\N,92,1034.0,False
4979,tt0455612,Madea's Family Reunion,Madea's Family Reunion,2006,\N,107,11171.0,False
4980,tt0455829,Vettaiyaadu Vilaiyaadu,Vettaiyaadu Vilaiyaadu,2006,\N,174,7262.0,True
4983,tt0456014,Surf School,,2006,\N,87,5120.0,False
5004,tt0461694,Four Minutes,Vier Minuten,2006,\N,112,6948.0,True
5010,tt0462359,Incubus,Incubus,2006,\N,87,2108.0,False
5061,tt0473567,...Yahaan,...Yahaan,2005,\N,142,,True
5064,tt0473705,State of Play,,2009,\N,127,148765.0,True
5065,tt0473753,Angel-A,,2005,\N,91,33272.0,True
5067,tt0474791,The Maid,The Maid,\N,2005,93,1221.0,False
5073,tt0475298,Hood of Horror,Hood of Horror,2006,\N,84,,False
5079,tt0476550,Gớd Tússi Gréát Hớ,God Tussi Great Ho,2008,\N,152,4247.0,False
5095,tt0478188,King of the Lost World,,\N,2005,80,1860.0,False
5108,tt0479968,One Missed Call,One Missed Call,2008,\N,87,31882.0,False
5114,tt0481510,Distortion,,\N,2006,83,1176.0,False
5117,tt0482463,Bella,,2006,\N,91,10633.0,True
5119,tt0482629,The Ultimate Gift,The Ultimate Gift,2006,\N,118,,True
5134,tt0486358,Jesus Camp,Jesus Camp,2006,\N,84,27519.0,True
5148,tt0488414,Omkara,Omkara,2006,\N,155,,True
5165,tt0491720,The Final Inquiry,,2006,\N,112,1294.0,False
5166,tt0491977,Dolap Beygiri,Dolap Beygiri,1982,\N,90,2460.0,True
5169,tt0492496,Thin,,2006,\N,102,1821.0,True
5170,tt0492754,Sálvágé,,2006,\N,80,2641.0,False
5171,tt0492835,Thé King ánd thé Clớwn,,2005,\N,119,5403.0,True
5175,tt0493393,Ashes and Snow,Ashes and Snow,2005,\N,62,4117.0,True
5179,tt0493452,Slaughter Night,Sl8n8,2006,\N,90,1718.0,False
5192,tt0496373,Prétty Cớớl Tớớ,,\N,2007,89,1131.0,False
5193,tt0497116,An Inconvenient Truth,,2006,\N,96,82360.0,True
5202,tt0498380,Letters from Iwo Jima,,2006,\N,141,159177.0,True
5215,tt0756683,The Man from Earth,,2007,\N,87,,True
5224,tt0759952,American Zeitgeist,,\N,2006,150,1928.0,True
5232,tt0763304,Dớớgál,Doogal,2006,\N,85,5022.0,False
5233,tt0763831,A Thousand Words,A Thousand Words,2012,\N,91,41926.0,False
5238,tt0765849,Our Daily Bread,Unser täglich Brot,2005,\N,92,2590.0,True
5247,tt0774755,Offside,,2006,\N,103,2160.0,False
5255,tt0780521,The Princess and the Frog,The Princess and the Frog,2009,\N,97,134511.0,True
5256,tt0780524,Get Thrashed: The Story of Thrash Metal,Get Thrashed,2006,\N,100,1648.0,True
5259,tt0780622,Teeth,,2007,\N,94,,False
5267,tt0784972,The Brothers Solomon,,2007,\N,93,10865.0,False
5277,tt0790706,Crazy Love,Crazy Love,2007,\N,90,2540.0,True
5287,tt0796368,Talk to Me,Talk to Me,2007,\N,118,9702.0,True
5298,tt0804452,Bratz,,2007,\N,110,23379.0,False
5306,tt0807716,Long Flat Balls,,2006,\N,97,1748.0,False
5323,tt0813547,The Counterfeiters,,2007,\N,99,44854.0,True
5346,tt0822868,Make It Happen,Make It Happen,2008,\N,90,6213.0,False
5357,tt0827517,Reprise,,2006,\N,105,10282.0,True
5361,tt0829297,Ten Inch Hero,,\N,2007,102,12366.0,True
5382,tt0841119,Lake of Fire,,2006,\N,152,2583.0,True
5390,tt0845442,Cinderella,Sin-de-rel-la,2006,\N,94,1451.0,False
5396,tt0848552,The Mad,,2007,\N,83,1804.0,False
5399,tt0851577,The Island,,2006,\N,112,11632.0,True
5426,tt0878804,The Blind Side,,2009,\N,129,312393.0,True
5438,tt0888019,Five Across the Eyes,,2006,\N,95,1683.0,False
5479,tt0918645,Léft fớr Déád,,2007,\N,84,1257.0,False
5490,tt0929632,Precious,Precious,2009,\N,110,108806.0,True
5492,tt0930098,Yilanlarin Öcü,,1985,\N,98,1302.0,True
5494,tt0932533,"Job, czyli ostatnia szara komórka","Job, czyli ostatnia szara komórka",2006,\N,92,1494.0,False
5516,tt0959337,Revolutionary Road,,2008,\N,119,206708.0,True
5525,tt0964517,The Fighter,The Fighter,2010,\N,116,354050.0,True
5529,tt0972558,Dark Planet,,2008,\N,115,5437.0,False
5534,tt0976209,Lyubov-Morkov,Lyubov-Morkov,2007,\N,100,1200.0,False
5547,tt0983213,5 Centimeters per Second,,2007,\N,63,55166.0,True
5551,tt0984200,Incendiary,,2008,\N,96,8687.0,False
5553,tt0985025,Dark Floors,Dark Floors,2008,\N,85,,False
5555,tt0986233,Hunger,Hunger,2008,\N,96,69004.0,True
5556,tt0986329,Mungaru Male,Mungaru Male,2006,\N,143,3196.0,True
5566,tt0993755,Em,,2008,\N,93,1060.0,True
5567,tt0993841,Dead Air,Dead Air,2009,\N,90,2318.0,False
5573,tt0995868,Pele: Birth of a Legend,,2016,\N,107,17788.0,True
5576,tt0997047,College Road Trip,,2008,\N,83,15902.0,False
5587,tt10062614,Guilty,Guilty,2020,\N,119,4212.0,False
5588,tt1007950,Diminished Capacity,Diminished Capacity,2008,\N,92,1263.0,False
5590,tt10091530,Holiday Rush,Holiday Rush,2019,\N,92,2554.0,False
5598,tt1014672,Bheja Fry,Bheja Fry,2007,\N,95,11702.0,True
5612,tt10199664,Adam,Adam,2019,\N,98,1190.0,True
5615,tt1020072,Selma,,2014,\N,128,89797.0,True
5619,tt10214826,Agent Sai Srinivasa Athreya,Agent Sai Srinivasa Athreya,2019,\N,148,11782.0,True
5625,tt1023490,Il Divo,Il divo,2008,\N,110,17038.0,True
5638,tt1028576,Secretariat,,2010,\N,123,27781.0,True
5641,tt1029172,The War on Democracy,,2007,\N,96,2400.0,True
5648,tt10309906,Shubh Mangal Zyada Saavdhan,,\N,2020,117,8909.0,False
5671,tt10370116,Single Slipper Size - 7,Oththa Seruppu Size 7,2019,\N,120,2911.0,True
5673,tt1037222,Cớdy thé Rớbớsápién,Robosapien: Rebooted,2013,\N,86,1253.0,False
5679,tt10431010,Raatchasi,Raatchasi,\N,2019,134,1537.0,True
5688,tt1047007,Young@Heart,Young @ Heart,2007,\N,107,3975.0,True
5691,tt10477558,Violet Evergarden: Eternity and the Auto Memories Doll,Vaioretto evâgâden gaiden: Eien to jidou shuki ningyou,2019,\N,90,3901.0,True
5699,tt10515988,Paranormal Activity: Next of Kin,Paranormal Activity: Next of Kin,2021,\N,98,6714.0,False
5706,tt10534996,Josep,,2020,\N,71,1533.0,True
5709,tt1054115,Manhunt,,2008,\N,78,4198.0,False
5735,tt10665338,Halloween Kills,,2021,\N,105,59417.0,False
5743,tt10695464,The Source of Shadows,,2020,\N,83,,False
5746,tt10710246,Éftihiá,,\N,2019,123,3886.0,True
5757,tt1075747,Jớnáh Héx,Jonah Hex,2010,\N,81,57550.0,False
5773,tt10843306,The Beach House,The Beach House,2019,\N,88,6468.0,False
5778,tt1087458,The Subtenant,Kummeli Alivuokralainen,2008,\N,104,1340.0,False
5780,tt1087524,Once Fallen,,2010,\N,93,1330.0,False
5789,tt10895780,Rama Chakkani Seetha,Rama Chakkani Seetha,2019,\N,126,1203.0,False
5798,tt1092019,Nothing to Lose,,2008,\N,88,3332.0,True
5799,tt10930586,Shikara,,2020,\N,118,7642.0,False
5839,tt11081744,Thé Cớmmớn Stớry,,2019,\N,91,1147.0,True
5852,tt11166002,Stanley Stanton,,2019,\N,62,,False
5855,tt11173160,Qismat 2,Qismat 2,\N,2021,155,1182.0,True
5880,tt1128075,Love Exposure,Ai no mukidashi,2008,\N,237,13212.0,True
5884,tt1129428,Mum & Dad,Mum & Dad,2008,\N,84,6030.0,False
5886,tt11296132,Thé Singér,Motreb,2019,\N,107,1345.0,False
5887,tt11306376,Jathi Ratnalu,Jathi Ratnalu,2021,\N,145,6687.0,True
5890,tt1130884,Shutter Island,Shutter Island,2010,\N,138,1215368.0,True
5894,tt1130993,Ultimate Heist,,2009,\N,95,3373.0,False
5899,tt1132135,Asylum Seekers,,2009,\N,94,1010.0,False
5900,tt1132449,Lay the Favorite,,\N,2012,94,11543.0,False
5906,tt1133936,Detective Conan: Strategy Above the Depths,Meitantei Conan: Suiheisenjyou no sutorateeji,2005,\N,108,1555.0,True
5909,tt11343416,Acrylic,,2020,\N,78,3550.0,False
5920,tt11378264,Mucho Mucho Amor: The Legend of Walter Mercado,,2020,\N,96,3156.0,True
5937,tt1142798,The Family That Preys,,2008,\N,111,7158.0,False
5938,tt11433696,Solo Brathuke So Better,,2020,\N,122,1317.0,False
5939,tt1144539,Best Worst Movie,Best Worst Movie,2009,\N,93,,True
5956,tt1151410,Tánnér Háll,Tanner Hall,2009,\N,96,,False
5959,tt1151922,Miss March,Miss March,2009,\N,90,21245.0,False
5967,tt11536216,Shivan,Shivan,2020,\N,119,1211.0,True
5969,tt11542214,Eltilerin Savasi,,2020,\N,118,4073.0,False
5970,tt1155060,Down the Shore,,2011,\N,93,1321.0,False
5978,tt11581174,Karnan,Karnan,\N,2021,158,19542.0,True
5979,tt1159231,A Beautiful Wife,,2007,\N,96,1316.0,False
5984,tt11604676,Nayattu,Nayattu,2021,\N,124,5979.0,True
6000,tt11691722,Schwéinstéigér Mémớriés: Vớn Ánfáng bis Légéndé,,\N,2020,112,1042.0,True
6003,tt1169809,Bớớk ớf Blớớd,,\N,2009,100,,False
6009,tt1172570,Bronson,Bronson,2008,\N,92,126792.0,True
6014,tt1173745,Revanche,,\N,2008,121,14482.0,True
6017,tt1174691,Once Upon a Time...,,2008,\N,117,,True
6042,tt1186366,Morphine,Morfiy,2008,\N,110,3216.0,True
6047,tt1186830,Agora,Agora,2009,\N,127,68333.0,True
6053,tt1189073,The Skin I Live In,La piel que habito,2011,\N,120,146883.0,True
6054,tt1189076,Ricky,,\N,2009,89,2999.0,False
6057,tt11905462,Áthlété Á,,2020,\N,103,9887.0,True
6073,tt11963736,Dracula Sir,,2020,\N,127,1515.0,True
6076,tt1198385,In the Beginning,,2009,\N,130,,True
6107,tt1220634,Resident Evil: Afterlife,Resident Evil: Afterlife,2010,\N,96,167447.0,False
6109,tt1221207,Demoted,,2011,\N,94,1961.0,False
6115,tt1226240,A Late Quartet,A Late Quartet,2012,\N,105,14453.0,True
6125,tt1230211,Perkins' 14,,2009,\N,95,2236.0,False
6133,tt1234559,Chicớ Xáviér,Chico Xavier,2010,\N,124,1801.0,True
6139,tt1235842,The Fish Child,El niño pez,2009,\N,96,2218.0,False
6144,tt1239267,No One's Son,Niciji sin,2008,\N,100,1041.0,True
6163,tt1247662,The Good Guy,,2009,\N,102,9351.0,False
6186,tt1263670,Crazy Heart,Crazy Heart,2009,\N,112,87476.0,True
6193,tt12659944,Prớjéct Z,Project Z,2019,\N,127,,True
6198,tt1268809,Night ớf thé Démớns,Night of the Demons,2009,\N,93,7772.0,False
6206,tt1273235,A Serbian Film,,2010,\N,104,61522.0,False
6207,tt1273678,The Spy Next Door,The Spy Next Door,2010,\N,94,42907.0,False
6216,tt1278104,The Ottoman Republic,,\N,2008,100,6755.0,False
6231,tt1285240,In Théir Sléép,,\N,2010,84,1449.0,False
6257,tt1294136,As Good as Dead,As Good as Dead,2010,\N,100,1594.0,False
6269,tt1303773,Violent Blue,Violent Blue,2011,\N,129,,False
6293,tt1314239,Eraser Children,Eraser Children,2009,\N,100,1711.0,False
6295,tt1315981,A Single Man,A Single Man,2009,\N,99,110060.0,True
6308,tt13242960,Middle Class Melodies,,2020,\N,135,3512.0,True
6309,tt13249198,Raja Raja Chora,,2021,\N,145,1320.0,True
6316,tt1327819,Boy Interrupted,Boy Interrupted,2009,\N,92,2125.0,True
6329,tt1336601,La meute,,2010,\N,84,2182.0,False
6349,tt1343704,Time You Change,,\N,2010,94,5435.0,False
6360,tt1350484,Curious George 2: Follow That Monkey!,Curious George 2: Follow That Monkey!,2009,\N,80,1199.0,False
6364,tt1351784,Psychosis,,2010,\N,89,2008.0,False
6400,tt13760814,Point Blank,,2021,\N,107,,True
6422,tt1392744,Cháncé Pé Dáncé,,2010,\N,122,2905.0,False
6426,tt1396219,Ớútcást,,2010,\N,98,2604.0,False
6430,tt1397511,RiP: A Remix Manifesto,RiP: A Remix Manifesto,\N,2008,87,1262.0,True
6438,tt1403865,True Grit,True Grit,2010,\N,110,326432.0,True
6471,tt1424797,I Killéd My Mớthér,J'ai tué ma mère,2009,\N,96,29163.0,True
6489,tt1434423,The Message,,2009,\N,118,3555.0,True
6543,tt1480649,Accused at 17,,2009,\N,90,1314.0,False
6568,tt1496380,Chennai 600028,Chennai 600028,\N,2007,141,2088.0,True
6574,tt1502404,Drive Angry,Drive Angry,2011,\N,104,97199.0,False
6584,tt15094256,Parigettu Parigettu,,2021,\N,130,1286.0,True
6600,tt15198608,Prey,Prey,2021,\N,87,6206.0,False
6602,tt1520956,Iron Doors,Iron Doors,2010,\N,80,,False
6611,tt15264532,Ratnan Prapancha,Rathnan Prapancha,2021,\N,147,3396.0,True
6628,tt1535612,The Son of No One,The Son of No One,2011,\N,90,16991.0,False
6643,tt1544578,Chop,Chop,2011,\N,98,,False
6651,tt1550312,Cáfé dé Flớré,,2011,\N,120,15526.0,True
6664,tt1562859,Golmaal 3,Golmaal 3,2010,\N,155,8092.0,False
6671,tt1566648,Waiting for Superman,Waiting for 'Superman',2010,\N,111,11418.0,True
6676,tt1568323,Beatdown,Beatdown,2010,\N,90,1206.0,False
6679,tt1568346,The Girl with the Dragon Tattoo,The Girl with the Dragon Tattoo,2011,\N,158,445449.0,True
6680,tt15686202,No Man's Land,,2021,\N,114,1042.0,True
6700,tt1582546,Maryada Ramanna,,2010,\N,125,2649.0,True
6703,tt1584016,Cátfish,Catfish,2010,\N,87,,True
6713,tt1588878,The Late Bloomer,The Late Bloomer,2016,\N,90,,False
6718,tt1591504,The Hunters,,2011,\N,111,2105.0,False
6724,tt1598828,One for the Money,One for the Money,2012,\N,91,41861.0,False
6740,tt1606392,Win Win,,2011,\N,106,53558.0,True
6750,tt1612782,The Butterfly Room,,2012,\N,87,,False
6767,tt16211650,Mr Lonely,Mr Lonely,2021,\N,108,2404.0,True
6774,tt1625150,Nớrth Séá Téxás,,2011,\N,98,8893.0,True
6791,tt1645916,Standby,Standby,2014,\N,90,1567.0,False
6801,tt1650048,Laurence Anyways,Laurence Anyways,2012,\N,168,19799.0,True
6802,tt1650427,Resturlaub,,\N,2011,97,1244.0,False
6809,tt1651323,Breaking Wind,Breaking Wind,2012,\N,82,4749.0,False
6811,tt1653913,Helldriver,Nihon bundan: Heru doraibâ,2010,\N,117,1610.0,False
6816,tt1657283,Hớnéy 2,Honey 2,2011,\N,110,7286.0,False
6820,tt1661031,Brindaavanam,Brindaavanam,2010,\N,169,3988.0,True
6821,tt1661099,X,,2011,\N,90,,False
6833,tt1666287,From A to B,From A to B,2014,\N,108,1306.0,False
6837,tt1667353,Mirror Mirror,,2012,\N,106,86475.0,False
6850,tt1678040,Bed & Breakfast: Love is a Happy Accident,,2010,\N,89,1035.0,False
6858,tt1683042,Théré Áré Things Yớú Dớn't Knớw,Chiz-haie hast keh nemidani,2010,\N,92,1290.0,True
6861,tt1684564,The Victim,,2011,\N,83,2121.0,False
6870,tt1694020,The Guilt Trip,,2012,\N,95,36827.0,False
6872,tt1696190,Fireheart: The Legend of Tadas Blinda,,2011,\N,106,3003.0,True
6876,tt1699755,Peeples,Peeples,2013,\N,95,4812.0,False
6890,tt1709143,Thé Lást Dáys ớn Márs,The Last Days on Mars,2013,\N,98,36578.0,False
6892,tt1711525,Office Christmas Party,Office Christmas Party,\N,2016,105,75469.0,False
6915,tt1723642,HOUBA! On the Trail of the Marsupilami,Sur la piste du Marsupilami,\N,2012,105,3818.0,False
6920,tt1727388,The Way Way Back,The Way Way Back,2013,\N,103,145533.0,True
6949,tt1754029,The Crypt of Count Dracoola,Kutsal Damacana 3: Dracoola,2011,\N,89,1905.0,False
6968,tt1773109,Yamla Pagla Deewana,,2011,\N,163,4190.0,False
6999,tt1796652,Tokyo Family,Tôkyô kazoku,\N,2013,146,1985.0,True
7009,tt1806913,Gớlmáál Ágáin,Golmaal Again,2017,\N,140,8913.0,False
7027,tt1817273,The Place Beyond the Pines,The Place Beyond the Pines,2012,\N,140,258452.0,True
7042,tt1827512,The Kid with a Bike,Le gamin au vélo,2011,\N,87,27164.0,True
7044,tt1828232,Life Cycles,Life Cycles,2010,\N,47,1264.0,True
7054,tt1833888,Angels Sing,,2012,\N,87,2205.0,False
7061,tt1839591,Recoil,Recoil,2011,\N,94,,False
7086,tt1860355,Undefeated,,2011,\N,113,6994.0,True
7095,tt1866249,The Sessions,,2012,\N,95,42241.0,True
7104,tt1878942,Date and Switch,Date and Switch,2014,\N,91,,False
7108,tt1881109,Zérớvillé,,2019,\N,96,2532.0,False
7119,tt1891923,Thé Hớárdér,The Hoarder,2015,\N,84,2467.0,False
7138,tt1925421,Elena,Elena,2011,\N,109,,True
7201,tt1989674,Thé Mán Insidé,,2012,\N,99,1344.0,False
7233,tt2036416,Yớú Áré thé Ápplé ớf My Éyé,"Na xie nian, wo men yi qi zhui de nu hai",2011,\N,109,10068.0,True
7235,tt2040367,Expecting,,2013,\N,87,1349.0,False
7237,tt2042568,Inside Llewyn Davis,,2013,\N,104,148071.0,True
7267,tt2071441,Dangerous Liaisons,,\N,2012,110,1908.0,False
7282,tt2081437,The Liability,,2012,\N,82,8351.0,False
7294,tt2088003,Big Game,Big Game,\N,2014,90,32408.0,False
7295,tt2088012,Punch,Wan-deuk-i,2011,\N,110,1112.0,True
7299,tt2095649,Grace of Monaco,Grace of Monaco,2014,\N,103,19575.0,False
7314,tt2112096,Absolutely Fabulous: The Movie,Absolutely Fabulous: The Movie,2016,\N,91,12293.0,False
7316,tt2112287,Thale,Thale,2012,\N,76,5779.0,False
7355,tt2171454,Zilá Gháziábád,,2013,\N,142,1364.0,False
7400,tt2201251,The Hot Flashes,The Hot Flashes,\N,2013,99,1982.0,False
7417,tt2215285,Madea's Witness Protection,,\N,2012,114,10614.0,False
7420,tt2219650,Seymour: An Introduction,,2014,\N,84,1061.0,True
7422,tt2220642,Bad 25,,2012,\N,131,,True
7429,tt2226666,Jism 2,,2012,\N,130,,False
7447,tt2243389,I'm So Excited!,,2013,\N,90,23144.0,False
7453,tt2250282,Tulpa: Demon of Desire,Tulpa - Perdizioni mortali,2012,\N,84,1142.0,False
7477,tt2280964,Real,,2013,\N,127,1051.0,False
7484,tt2290840,Masquerade,,\N,2012,131,6547.0,True
7492,tt2297063,Whitéwásh,,\N,2013,90,1696.0,False
7504,tt2306745,Sớúnd City,Sound City,2013,\N,107,12685.0,True
7510,tt2314886,Bréákớút,Breakout,2013,\N,89,,False
7521,tt2321421,Mee Shivajiraje Bhosale Boltoy,,2009,\N,149,1897.0,True
7525,tt2325518,Bénéáth,Beneath,2013,\N,90,,False
7547,tt2356180,Bhaag Milkha Bhaag,,2013,\N,186,65401.0,True
7552,tt2358891,The Great Beauty,La grande bellezza,2013,\N,141,85688.0,True
7553,tt2358911,Berserk: The Golden Age Arc II - The Battle for Doldrey,Berserk: Ougon jidai-hen II - Dorudorei koryaku,2012,\N,95,9845.0,True
7570,tt2370140,Crossfire Hurricane,Crossfire Hurricane,\N,2012,111,2532.0,True
7575,tt2372776,Hárry Déán Stántớn: Pártly Fictiớn,Harry Dean Stanton: Partly Fiction,2012,\N,77,1010.0,True
7578,tt2374196,Solo,,2013,\N,83,,False
7579,tt2374902,Metalhead,,2013,\N,97,6727.0,True
7588,tt2381111,Brớớklyn,Brooklyn,\N,2015,117,137644.0,True
7596,tt2387499,Keeping Up with the Joneses,Keeping Up with the Joneses,2016,\N,105,61217.0,False
7613,tt2400291,The Barkley Marathons: The Race That Eats Its Young,,2014,\N,89,4989.0,True
7615,tt2401621,Dé Máráthớn,,\N,2012,107,,True
7619,tt2402985,Ping Pong Summer,,2014,\N,92,2778.0,False
7624,tt2404801,Kumki,Kumki,2012,\N,148,1401.0,True
7637,tt2417712,Goon: Last of the Enforcers,Goon: Last of the Enforcers,2017,\N,101,13211.0,False
7640,tt2424028,Bring Me the Head of the Machine Gun Woman,,2012,\N,73,1081.0,False
7645,tt2436682,The Duel,The Duel,2016,\N,110,10755.0,False
7676,tt2486678,5 to 7,5 to 7,2014,\N,95,19824.0,True
7681,tt2499414,Best Night Ever,Best Night Ever,2013,\N,90,2639.0,False
7698,tt2532528,Dirty Wars,,2013,\N,87,9189.0,True
7708,tt2551378,Bullett Raja,,2013,\N,138,3918.0,False
7713,tt2560792,Skybound,,2017,\N,82,7352.0,False
7717,tt2566016,The Laughing Mask,The Laughing Mask,2014,\N,101,1100.0,False
7721,tt2573372,Becoming,Becoming,2020,\N,98,1116.0,False
7743,tt2611652,Virgin Mountain,,\N,2015,94,8434.0,True
7745,tt2619512,The Big Take,The Big Take,2018,\N,83,4336.0,False
7751,tt2624704,Kaaviya Thalaivan,,2014,\N,150,1300.0,True
7758,tt2645104,Romantik Komedi 2: Bekarliga Veda,Romantik Komedi 2: Bekarliga Veda,\N,2013,105,3303.0,False
7764,tt2673812,Into the Mind,Into the Mind,2013,\N,82,1851.0,True
7779,tt2714900,Finding Vivian Maier,Finding Vivian Maier,2013,\N,83,13846.0,True
7788,tt2726552,A Kind of Murder,A Kind of Murder,2016,\N,95,7427.0,False
7803,tt2776344,Péé Mák,,2013,\N,115,5417.0,True
7805,tt2783020,Jay and Silent Bob's Super Groovy Cartoon Movie,Jay and Silent Bob's Super Groovy Cartoon Movie,2013,\N,64,1906.0,False
7819,tt2822742,3 Héárts,3 coeurs,2014,\N,108,2448.0,False
7822,tt2825120,Crows Explode,Kurôzu Explode,2014,\N,129,1479.0,False
7823,tt2827320,Fándry,Fandry,2013,\N,101,2174.0,True
7828,tt2852400,Á Tớúch ớf Sin,,2013,\N,130,11179.0,True
7833,tt2855648,Mádrás Cáfé,Madras Cafe,2013,\N,130,24075.0,True
7843,tt2884206,I Origins,I Origins,2014,\N,106,121447.0,True
7868,tt2925642,Kids for Cash,,2013,\N,102,1931.0,True
7876,tt2943352,November Tenth,,2015,\N,99,3016.0,True
7877,tt2948166,Train Driver's Diary,,2016,\N,85,1153.0,True
7879,tt2948356,Zớớtớpiá,,2016,\N,108,,True
7882,tt2948790,Rétúrn tớ Séndér,,2015,\N,92,,False
7886,tt2962726,The Anomaly,,2014,\N,97,7510.0,False
7894,tt2980794,Highway,,2014,\N,133,27988.0,True
7896,tt2984576,Death House,,2017,\N,95,1528.0,False
7908,tt3026144,The Sound and the Fury,The Sound and the Fury,2014,\N,101,1102.0,False
7922,tt3040510,Fuga di cervelli,,2013,\N,100,1156.0,False
7934,tt3061836,Cúb,,2014,\N,84,5766.0,False
7940,tt3087700,7 Pecados Rurais,,2013,\N,97,1259.0,False
7957,tt3118920,The Abduction of Jennifer Grayson,Stockholm,2017,\N,99,1293.0,False
7961,tt3122390,Beacon Point,,\N,2016,85,2735.0,False
7975,tt3142764,Race Gurram,Race Gurram,2014,\N,163,9489.0,True
7979,tt3149038,A Brilliant Young Mind,X+Y,2014,\N,111,28562.0,True
7997,tt3183660,Fántástic Béásts ánd Whéré tớ Find Thém,Fantastic Beasts and Where to Find Them,2016,\N,132,433875.0,True
8000,tt3187378,The Asian Connection,,2016,\N,90,1714.0,False
8003,tt3194622,Magnetic,Magnetic,2015,\N,80,1213.0,False
8019,tt3236976,Submerged,,2016,\N,99,1461.0,False
8021,tt3242756,Thé Rédwớớd Mássácré,,2014,\N,82,2273.0,False
8025,tt3253624,Soaked in Bleach,,2015,\N,90,13966.0,True
8029,tt3259474,Stratos,To mikro psari,2014,\N,137,2754.0,True
8036,tt3268850,Unrest,,2017,\N,98,2813.0,True
8053,tt3306776,Bayonetta: Bloody Fate - Beyonetta buraddi feito,Bayonetta: Bloody Fate - Beyonetta buraddi feito,2013,\N,90,1398.0,False
8065,tt3328442,Residue,Residue,2015,\N,102,2229.0,False
8081,tt3384904,Apocalypse Pompeii,,2014,\N,87,2116.0,False
8082,tt3387094,Punyalan Agarbattis,Punyalan Agarbattis,2013,\N,137,1244.0,True
8086,tt3395582,Sun Choke,Sun Choke,2015,\N,83,,False
8107,tt3431016,The Messenger,,\N,2015,101,1185.0,False
8115,tt3450958,War for the Planet of the Apes,War for the Planet of the Apes,2017,\N,140,242295.0,True
8137,tt3488184,7 Chinésé Brớthérs,,2015,\N,76,1519.0,False
8141,tt3496334,For Some Inexplicable Reason,VAN valami furcsa és megmagyarázhatatlan,2014,\N,96,,True
8147,tt3500528,The Teacher's Diary,Khid thueng withaya,2014,\N,110,2382.0,True
8157,tt3514330,Youngistaan,,2014,\N,133,1882.0,False
8158,tt3517192,Ớhm Shánthi Ớshááná,,2014,\N,136,5265.0,True
8159,tt3517306,Welcome to Curiosity,,2018,\N,95,2054.0,False
8160,tt3518988,Hármớntớwn,Harmontown,2014,\N,101,2411.0,True
8161,tt3520418,We Are Still Here,We Are Still Here,2015,\N,84,18223.0,False
8164,tt3522806,Mechanic: Resurrection,Mechanic: Resurrection,2016,\N,98,81698.0,False
8196,tt3567666,Stratton,Stratton,2017,\N,94,,False
8197,tt3569326,Hollidaysburg,Hollidaysburg,\N,2014,88,1040.0,False
8202,tt3579524,Ghost in the Shell Arise: Border 3 - Ghost Tears,Ghost in the Shell Arise: Border 3 - Ghost Tears,2014,\N,55,2646.0,True
8215,tt3611266,Bank Chor,,2017,\N,120,2756.0,False
8221,tt3622110,Don't Knock Twice,,2016,\N,93,13489.0,False
8239,tt3675748,Yákúzá Ápớcálypsé,,2015,\N,115,4112.0,False
8249,tt3686998,The Red Pill,The Red Pill,2016,\N,108,11014.0,True
8253,tt3697626,A Hard Day,Ggeutggaji ganda,2014,\N,111,13242.0,True
8264,tt3716530,Elle,,2016,\N,130,64531.0,True
8270,tt3722062,Bokeh,Bokeh,2017,\N,92,7375.0,False
8274,tt3727824,The Ouija Experiment 2: Theatre of Death,The Ouija Experiment 2: Theatre of Death,2014,\N,86,1839.0,False
8300,tt3780208,Dark Signal,Dark Signal,2016,\N,98,1533.0,False
8304,tt3797142,Bachelor Night,,2014,\N,88,1636.0,False
8305,tt3799694,The Nice Guys,,2016,\N,116,304533.0,True
8324,tt3828858,Lost & Found,,2016,\N,90,1037.0,False
8329,tt3838728,Bang Gang: A Modern Love Story,,2015,\N,98,2944.0,False
8337,tt3859310,How to Talk to Girls at Parties,How to Talk to Girls at Parties,2017,\N,102,10580.0,False
8341,tt3864024,Lazer Team,,2015,\N,102,,False
8362,tt3918584,Mais Forte que o Mundo: A História de José Aldo,,2016,\N,107,,True
8363,tt3919598,The Inhabitants,The Inhabitants,2015,\N,90,1169.0,False
8375,tt3966404,Mustang,Mustang,2015,\N,97,37587.0,True
8380,tt3975510,One and Two,One and Two,2015,\N,90,1952.0,False
8384,tt3982774,Hádi Insálláh,,2014,\N,96,4088.0,False
8388,tt4000956,Brother Nature,Brother Nature,2016,\N,97,1420.0,False
8401,tt4025514,Suburra,Suburra,2015,\N,130,19640.0,True
8406,tt4047104,Enakkul Oruvan,,2015,\N,136,1624.0,True
8415,tt4061640,Tráffic,Traffic,2014,\N,110,1007.0,True
8423,tt4073790,Thé Dárkést Minds,,2018,\N,104,30938.0,False
8438,tt4102722,The Night Watchmen,,2017,\N,80,2441.0,False
8451,tt4136456,The Virtuoso,The Virtuoso,2021,\N,110,5363.0,False
8455,tt4144504,How to Change the World,,2015,\N,110,1225.0,True
8456,tt4145178,Listen to Me Marlon,Listen to Me Marlon,2015,\N,103,7415.0,True
8461,tt4153828,Swift,Manou the Swift,2019,\N,90,1010.0,False
8483,tt4192656,Chúyé Dilé Mớn,,2015,\N,156,1712.0,True
8488,tt4201004,The Manny,,2015,\N,110,,False
8496,tt4230700,Complete Unknown,Complete Unknown,\N,2016,91,6061.0,False
8509,tt4276820,The Founder,,2016,\N,115,140055.0,True
8512,tt4283358,Seasons,Les saisons,2015,\N,96,1602.0,True
8516,tt4293752,Gascoigne,Gascoigne,2015,\N,90,,True
8533,tt4328094,Impossible Monsters,Impossible Monsters,2019,\N,84,5280.0,False
8534,tt4328756,Ebar Shabor,,2015,\N,160,1461.0,True
8537,tt4331970,Béing 17,,2016,\N,116,6265.0,True
8538,tt4334636,Eddie - Strongman,Eddie: Strongman,2015,\N,98,1125.0,True
8546,tt4357368,Macadam Stories,,2015,\N,100,3157.0,True
8556,tt4382872,Éxtráctiớn,,2015,\N,92,11001.0,False
8562,tt4404474,Potato Salad,,2015,\N,81,6810.0,False
8568,tt4427060,Seashore,,2015,\N,83,,False
8580,tt4441422,Hangman,Hangman,2015,\N,85,2317.0,False
8585,tt4451458,Éndléss Pớétry,Poesía Sin Fin,2016,\N,128,5759.0,True
8586,tt4457678,Blúé Wớrld Ớrdér,,\N,2017,115,4191.0,False
8588,tt4462372,AWOL,AWOL,2016,\N,82,1320.0,False
8590,tt4466490,Sieranevada,Sieranevada,2016,\N,173,5077.0,True
8609,tt4519400,Check Point,Check Point,2017,\N,97,1044.0,False
8611,tt4523112,Selam: Bahara Yolculuk,,2015,\N,126,4126.0,True
8612,tt4524418,American Warfighter,,2018,\N,105,1258.0,False
8633,tt4596814,S/O Satyamurthy,S/O Satyamurthy,2015,\N,162,4666.0,True
8644,tt4632316,Gléásớn,Gleason,2016,\N,110,,True
8670,tt4714568,The Young Offenders,,2016,\N,83,12236.0,True
8672,tt4725842,Girls with Balls,,2018,\N,77,,False
8680,tt4730986,Divines,Divines,2016,\N,105,9500.0,True
8688,tt4744086,Ki & Ka,,2016,\N,126,5606.0,False
8709,tt4827558,High Life,,2018,\N,113,32800.0,False
8711,tt4831682,Littlé Witch Ácádémiá: Thé Énchántéd Párádé,Ritoru wicchi akademia: Mahoujihikake no parêdo,2015,\N,54,1651.0,True
8712,tt4833824,Úppi 2,,2015,\N,135,8077.0,True
8724,tt4875960,1 Interrogation,1 Interrogation,2020,\N,95,4757.0,False
8730,tt4888834,Ennu Ninte Moideen,Ennu Ninte Moideen,2015,\N,166,,True
8733,tt4897358,The Raking,The Raking,\N,2017,97,2393.0,False
8742,tt4908644,Wintér ớn Firé: Úkráiné's Fight fớr Fréédớm,Winter on Fire: Ukraine's Fight for Freedom,2015,\N,102,,True
8744,tt4912910,Mission: Impossible - Fallout,Mission: Impossible - Fallout,2018,\N,147,311851.0,True
8764,tt4969044,Riphagen,,2016,\N,131,7349.0,True
8770,tt4983780,Maanaadu,Maanaadu,\N,2021,147,,True
8780,tt5022680,All Hallows' Eve 2,All Hallows' Eve 2,2015,\N,91,1838.0,False
8787,tt5039054,Oopiri,Oopiri,2016,\N,158,4838.0,True
8792,tt5056842,Body of Sin,Body of Sin,2018,\N,84,,False
8803,tt5076792,Trásh Firé,,2016,\N,91,3057.0,False
8811,tt5092484,Beneath Us,Beneath Us,2019,\N,86,1654.0,False
8822,tt5117428,Wild Rose,,2018,\N,101,12992.0,True
8834,tt5157456,Viking,,2016,\N,142,4569.0,False
8853,tt5206770,Among the Shadows,,2019,\N,96,1016.0,False
8858,tt5215486,Dawson City: Frozen Time,,2016,\N,120,1842.0,True
8875,tt5259966,No manches Frida,No manches Frida,\N,2016,114,2255.0,False
8903,tt5320514,Action Hero Biju,Action Hero Biju,2016,\N,144,3656.0,True
8926,tt5433114,Diego Maradona,Diego Maradona,2019,\N,130,15803.0,True
8938,tt5463152,Barcode,Barcode,2016,\N,96,2786.0,False
8940,tt5465370,Naam Hai Akira,,2016,\N,137,,False
8946,tt5476944,Black Butler: Book of the Atlantic,,2017,\N,101,1183.0,True
8961,tt5512872,Be Somebody,,2016,\N,88,3926.0,False
8985,tt5575408,Mushi-Shi: Bell Droplets,,2015,\N,47,1042.0,True
8994,tt5598172,If I Wéré á Bớy,Si j'étais un homme,2017,\N,95,1504.0,False
8998,tt5604282,Pist,Pist,\N,2015,101,1482.0,False
9004,tt5617310,Wébcást,Webcast,2018,\N,95,,False
9005,tt5628902,Rabid,Rabid,2019,\N,107,4803.0,False
9009,tt5638500,1920 London,1920 London,2016,\N,120,1659.0,False
9014,tt5651338,Gớdléss Yớúth,Jugend ohne Gott,2017,\N,114,1577.0,False
9025,tt5685006,Puppet Master: The Littlest Reich,,2018,\N,90,,False
9027,tt5687416,Whát's Úp with Cintá 2,,2016,\N,123,1862.0,True
9048,tt5716464,Breathe,Breathe,2017,\N,118,21023.0,True
9057,tt5729348,Memoir of a Murderer,Salinjaui gieokbeob,2017,\N,118,8287.0,True
9079,tt5791536,My Happy Family,Chemi bednieri ojakhi,2017,\N,120,3667.0,True
9083,tt5804314,Lét Théré Bé Light,,2017,\N,100,2733.0,False
9088,tt5809020,Handsome: A Netflix Mystery Movie,,\N,2017,80,4292.0,False
9097,tt5836866,Thé Wớrk,,2017,\N,89,2207.0,True
9101,tt5843850,Kings,,\N,2017,86,3399.0,False
9116,tt5884004,David Crosby: Remember My Name,David Crosby: Remember My Name,2019,\N,95,1087.0,True
9120,tt5894778,Lớúisé by thé Shớré,,\N,2016,75,1021.0,True
9121,tt5895028,13th,13th,2016,\N,100,34349.0,True
9127,tt5913798,Wounds,Wounds,2019,\N,95,18015.0,False
9144,tt5970844,Thugs of Hindostan,,2018,\N,164,18957.0,False
9148,tt5985052,High Society,,2017,\N,100,1098.0,False
9189,tt6112524,The Young Cannibals,,2019,\N,100,1715.0,False
9197,tt6135348,BPM (Beats Per Minute),120 battements par minute,\N,2017,143,14757.0,True
9206,tt6155190,Cercando La grande bellezza,Cercando La grande bellezza,2015,\N,61,1112.0,True
9240,tt6273998,Çakallarla Dans 4,Çakallarla Dans 4,\N,2016,109,2644.0,False
9252,tt6315524,Take Off,Take Off,2017,\N,139,5940.0,True
9258,tt6333060,Icarus,,2017,\N,120,46053.0,True
9264,tt6346162,Disney's Newsies: The Broadway Musical!,,2017,\N,149,2673.0,True
9292,tt6472976,Five Feet Apart,,2019,\N,116,57187.0,True
9310,tt6520954,Debi,Debi,2018,\N,107,4315.0,True
9312,tt6525978,The Wicked Gift,,2017,\N,112,1229.0,False
9313,tt6527426,Zero,Zero,2018,\N,164,26475.0,False
9317,tt6545212,Leera the Soulmate,,2018,\N,104,,False
9321,tt6557704,Ultra Low,Ultra Low,2018,\N,117,,True
9323,tt6565702,X-Men: Dark Phoenix,Dark Phoenix,2019,\N,113,173140.0,False
9332,tt6610158,Rust Creek,Rust Creek,2018,\N,108,10545.0,False
9334,tt6613814,Solo,,2017,\N,154,3506.0,True
9346,tt6654316,Youth,,2017,\N,135,2905.0,True
9352,tt6684714,Acts of Violence,Acts of Violence,2018,\N,86,12034.0,False
9358,tt6725014,Scénés frớm á Márriágé,Scener ur ett äktenskap,1974,\N,169,6049.0,True
9371,tt6772946,The Campus,,\N,2018,84,2434.0,False
9377,tt6789174,Velipadinte Pusthakam,Velipadinte Pusthakam,2017,\N,157,1398.0,False
9385,tt6827584,Priyamudan,Priyamudan,1998,\N,156,2246.0,True
9388,tt6838918,Vault,Vault,2019,\N,99,2251.0,False
9393,tt6849786,General Magic,,2018,\N,93,1006.0,True
9395,tt6853580,Alien Domicile 2: Lot 24,Alien Domicile 2: Lot 24,2018,\N,73,1184.0,False
9397,tt6856044,Something to Do with Death,Something to Do with Death,2018,\N,85,1068.0,True
9401,tt6872436,Sketch,,2018,\N,137,1939.0,False
9414,tt6966692,Green Book,,2018,\N,130,437608.0,True
9436,tt7060460,Theeran Adhigaram Ondru,,2017,\N,157,13054.0,True
9470,tt7241654,Gangster Land,,2017,\N,113,,False
9474,tt7250358,Botoks,Botoks,2017,\N,135,1871.0,False
9481,tt7279188,Woman at War,Kona fer í stríð,2018,\N,101,9334.0,True
9487,tt7286836,Áqúáslásh,Aquaslash,2019,\N,71,2032.0,False
9510,tt7364566,Maria By Callas,,2017,\N,119,1809.0,True
9518,tt7391996,C/o Kancharapalem,C/o Kancharapalem,2018,\N,152,,True
9530,tt7455754,The Game Changers,The Game Changers,2018,\N,86,18928.0,True
9534,tt7465992,Máhánáti,,2018,\N,177,11589.0,True
9539,tt7504818,Ron's Gone Wrong,Ron's Gone Wrong,2021,\N,107,6661.0,True
9545,tt7527912,Wasted Talent,Wasted Talent,2018,\N,66,2422.0,True
9559,tt7559180,99 Songs,,2019,\N,128,2203.0,True
9573,tt7628458,Hadi Be Oglum,,2018,\N,112,3276.0,True
9581,tt7668870,Searching,Searching,2018,\N,102,154684.0,True
9601,tt7765778,Áméricán Wispér,American Wisper,2020,\N,91,,False
9614,tt7838536,Awoken,Awoken,\N,2019,88,8437.0,False
9618,tt7857374,Hostage Radio,,2019,\N,97,2188.0,False
9623,tt7879442,Butt Boy,Butt Boy,2019,\N,99,1469.0,False
9633,tt7903530,We Die Young,We Die Young,2019,\N,92,3818.0,False
9637,tt7919810,The Turkey Bowl,The Turkey Bowl,2019,\N,120,3200.0,False
9650,tt7981492,Sabrina,Sabrina,\N,2018,113,1662.0,False
9654,tt7998242,Áváné Srimánnáráyáná,Avane Srimannarayana,\N,2019,186,,True
9693,tt8108198,Andhadhun,,2018,\N,139,85117.0,True
9696,tt8110330,Dil Bechara,,2020,\N,101,125719.0,True
9733,tt8329290,The Golem,,2018,\N,95,6440.0,False
9735,tt8332808,One Must Fall,One Must Fall,2018,\N,96,2515.0,False
9750,tt8370274,Behind the Trees,Behind the Trees,2019,\N,86,3254.0,False
9763,tt8406866,S.P. Chauhan,,2019,\N,136,2461.0,False
9777,tt8510324,Good Game: The Beginning,Iyi Oyun,2018,\N,114,1694.0,False
9788,tt8590896,Geetha Govindam,Geetha Govindam,2018,\N,142,12568.0,True
9804,tt8688912,Chi La Sow?,Chi La Sow,2018,\N,135,1701.0,True
9825,tt8804580,Áttáck ớf thé Únknớwn,,2020,\N,103,6295.0,False
9828,tt8829128,Torpedo,,2019,\N,102,2499.0,False
9835,tt8880922,Se upp för Jönssonligan,,2020,\N,116,3478.0,False
9847,tt8969332,The Biggest Little Farm,The Biggest Little Farm,2018,\N,91,6691.0,True
9849,tt8976576,Vampires vs. the Bronx,Vampires vs. the Bronx,2020,\N,85,9359.0,False
9855,tt8991268,Honeyland,,\N,2019,89,16705.0,True
9857,tt8995218,Z,,2019,\N,83,4828.0,False
9880,tt9101540,Big Brother,Big Brother,2020,\N,165,1922.0,False
9886,tt9110902,Queen Marie of Romania,,2019,\N,110,2001.0,True
9889,tt9135260,Dark Light,Dark Light,2019,\N,90,3944.0,False
9910,tt9213244,Antrum: The Deadliest Film Ever Made,,2018,\N,95,2762.0,False
9926,tt9319874,Maara,Maara,2021,\N,149,3698.0,True
9956,tt9562694,Alien Warfare,,2019,\N,88,3327.0,False
9959,tt9592496,Pogaru,,\N,2021,160,9452.0,False
9962,tt9612680,Human Nature,,2019,\N,95,1464.0,True
9964,tt9619798,Thé Wrớng Missy,,2020,\N,90,,False
9975,tt9689696,Wándér,,2020,\N,94,8304.0,False
9978,tt9694312,Stardust,Stardust,2020,\N,109,1547.0,False
9990,tt9820352,Villain,Villain,2020,\N,97,2652.0,False
