,tconst,primaryTitle,originalTitle,startYear,endYear,runtimeMinutes,numVotes,label
11,tt0013257,Häxan,Häxan,1922,\N,91,13679.0,True
12,tt0013556,Robin Hood,,1922,\N,143,2178.0,True
16,tt0014341,Our Hospitality,Our Hospitality,1923,\N,65,10911.0,True
19,tt0014538,Three Ages,,1923,\N,63,4312.0,True
50,tt0017925,The General,,1926,\N,67,87784.0,True
54,tt0018192,Napoleon,Napoléon vu par Abel Gance,1927,\N,330,7622.0,True
57,tt0018526,Úndérwớrld,,1927,\N,80,2912.0,True
64,tt0018806,The Crowd,The Crowd,\N,1928,98,8197.0,True
74,tt0019788,Coquette,Coquette,\N,1929,76,2127.0,False
112,tt0023871,Á Sớng ớf Lisbớn,A Canção de Lisboa,1933,\N,85,1432.0,True
117,tt0023969,Dúck Sớúp,Duck Soup,1933,\N,69,59069.0,True
138,tt0025410,Little Miss Marker,Little Miss Marker,1934,\N,80,1277.0,True
152,tt0026529,The Informer,The Informer,\N,1935,91,6255.0,True
168,tt0027914,Love on the Run,,1936,\N,80,1219.0,False
175,tt0028212,Sabotage,Sabotage,1936,\N,76,16166.0,True
177,tt0028249,Show Boat,,1936,\N,113,3236.0,True
191,tt0028944,The Good Earth,The Good Earth,\N,1937,138,4801.0,True
193,tt0029146,The Life of Emile Zola,The Life of Emile Zola,1937,\N,116,,True
198,tt0029314,Humanity and Paper Balloons,,1937,\N,86,1995.0,True
209,tt0029995,Thé Citádél,,1938,\N,110,2066.0,True
228,tt0031334,The Four Feathers,,1939,\N,129,5917.0,True
233,tt0031398,Gunga Din,,1939,\N,117,11628.0,True
254,tt0032181,Abe Lincoln in Illinois,,1940,\N,110,1792.0,True
293,tt0033774,Johnny Eager,,1941,\N,107,2986.0,True
305,tt0034241,Sun Valley Serenade,Sun Valley Serenade,1941,\N,86,1552.0,True
309,tt0034493,The Children Are Watching Us,I bambini ci guardano,1944,\N,84,2653.0,True
310,tt0034521,Black Dragons,,1942,\N,64,,False
316,tt0034798,The Glass Key,,1942,\N,85,6214.0,True
325,tt0035093,Mrs. Miniver,,1942,\N,134,17125.0,True
334,tt0035432,This Gún fớr Hiré,,1942,\N,81,9003.0,True
339,tt0035640,The Ape Man,,1943,\N,64,1287.0,False
347,tt0036230,Old Acquaintance,,\N,1943,110,3399.0,True
358,tt0036775,Double Indemnity,Double Indemnity,1944,\N,107,151373.0,True
364,tt0037008,Laura,Laura,1944,\N,88,45504.0,True
368,tt0037059,Meet Me in St. Louis,Meet Me in St. Louis,1944,\N,113,22805.0,True
369,tt0037075,Ministry of Fear,Ministry of Fear,1944,\N,86,7600.0,True
393,tt0038000,Pride of the Marines,,1945,\N,120,1435.0,True
396,tt0038120,Story of G.I. Joe,Story of G.I. Joe,1945,\N,108,3217.0,True
398,tt0038238,Johnny in the Clouds,The Way to the Stars,1945,\N,109,1485.0,True
401,tt0038387,The Brute Man,,1946,\N,58,1376.0,False
404,tt0038589,The Harvey Girls,The Harvey Girls,1946,\N,102,3941.0,True
421,tt0039074,Utamaro and His Five Women,,1946,\N,106,1250.0,True
426,tt0039286,Crossfire,,1947,\N,86,8262.0,True
432,tt0039502,It Happened on Fifth Avenue,,1947,\N,116,4432.0,True
435,tt0039566,Lifé with Fáthér,,1947,\N,118,5222.0,True
438,tt0039651,Record of a Tenement Gentleman,,1947,\N,72,,True
447,tt0039768,Ride the Pink Horse,,1947,\N,101,2926.0,True
448,tt0039822,Le Silence de la Mer,Le silence de la mer,1949,\N,87,4782.0,True
454,tt0040308,Easter Parade,Easter Parade,1948,\N,103,9453.0,True
460,tt0040506,Key Largo,Key Largo,1948,\N,100,39422.0,True
482,tt0041113,All the King's Men,All the King's Men,1949,\N,110,14494.0,True
491,tt0041546,Kind Hearts and Coronets,,\N,1949,106,36381.0,True
512,tt0042436,Les Enfants Terribles,Les enfants terribles,1950,\N,105,,True
568,tt0045009,Park Row,,1952,\N,83,1683.0,True
576,tt0045251,Othello,,1951,\N,90,8369.0,True
582,tt0045551,Beneath the 12-Mile Reef,,1953,\N,102,1368.0,False
590,tt0045848,Sawdust and Tinsel,,\N,1953,93,6558.0,True
593,tt0045911,Inferno,Inferno,1953,\N,83,1419.0,True
596,tt0046008,Thé Living Désért,The Living Desert,1953,\N,69,1459.0,True
598,tt0046040,Man on a Tightrope,,1953,\N,105,1456.0,True
601,tt0046264,Sadko,,1953,\N,85,1071.0,False
604,tt0046446,Torch Song,,1953,\N,90,,False
614,tt0046998,French Cancan,French Cancan,1955,\N,102,4009.0,True
616,tt0047123,It Should Happen to You,,1954,\N,86,3807.0,True
620,tt0047437,Sabrina,,1954,\N,113,62736.0,True
625,tt0047522,A Star Is Born,,\N,1954,154,17231.0,True
632,tt0047849,Bad Day at Black Rock,Bad Day at Black Rock,1955,\N,81,20848.0,True
641,tt0048140,Guys and Dolls,,1955,\N,150,16921.0,True
658,tt0048613,Shree 420,Shree 420,1955,\N,168,2720.0,True
673,tt0049103,The Creature Walks Among Us,,1956,\N,78,3430.0,False
679,tt0049261,Giant,Giant,1956,\N,201,37368.0,True
698,tt0049794,The Flying Carpet,Starik Khottabych,1957,\N,86,1297.0,True
699,tt0049829,Tea and Sympathy,Tea and Sympathy,1956,\N,122,2668.0,True
711,tt0050322,Do Ankhen Barah Haath,,1957,\N,143,1772.0,True
718,tt0050490,"Heaven Knows, Mr. Allison",,1957,\N,107,,True
721,tt0050546,The Invisible Boy,,1957,\N,90,1415.0,False
732,tt0050986,Wild Strawberries,,1957,\N,91,103346.0,True
759,tt0051993,Night ớf thé Blớớd Béást,,1958,\N,62,2028.0,False
762,tt0052046,The Philosopher's Stone,Parash Pathar,1958,\N,111,1158.0,True
765,tt0052131,The Return of Dracula,,1958,\N,77,1319.0,False
771,tt0052279,Teenage Cave Man,Teenage Cave Man,1958,\N,65,1537.0,False
785,tt0052698,Classe Tous Risques,Classe tous risques,1960,\N,110,3575.0,True
810,tt0053137,On the Beach,,1959,\N,134,12677.0,True
816,tt0053250,First Spaceship on Venus,Der schweigende Stern,1960,\N,93,2820.0,False
817,tt0053285,Slééping Béáúty,Sleeping Beauty,1959,\N,75,143102.0,True
819,tt0053337,Teenagers from Outer Space,Teenagers from Outer Space,1959,\N,86,3388.0,False
824,tt0053434,Warlock,Warlock,1959,\N,121,5998.0,True
826,tt0053472,Breathless,À bout de souffle,1960,\N,90,78150.0,True
837,tt0053746,The Lady with the Dog,,1960,\N,83,,True
847,tt0053976,The Virgin Spring,,1960,\N,89,28302.0,True
855,tt0054119,Innocent Sorcerers,Niewinni czarodzieje,1960,\N,87,1283.0,True
885,tt0054731,Cash on Demand,Cash on Demand,1961,\N,89,2088.0,True
892,tt0054923,Gidgét Gớés Háwáiián,Gidget Goes Hawaiian,1961,\N,101,1022.0,False
906,tt0055277,The Parent Trap,,1961,\N,129,20633.0,True
912,tt0055539,Town Without Pity,,1961,\N,105,1791.0,True
914,tt0055597,Victim,,1961,\N,90,5810.0,True
940,tt0056127,Jớúrnéy tớ thé Sévénth Plánét,,1962,\N,77,,False
942,tt0056141,A Kind of Loving,A Kind of Loving,\N,1962,113,2052.0,True
943,tt0056142,King Kớng vs. Gớdzillá,King Kong vs. Godzilla,1963,\N,97,10084.0,False
948,tt0056217,The Man Who Shot Liberty Valance,The Man Who Shot Liberty Valance,1962,\N,123,73331.0,True
965,tt0056868,Billy Liár,,1963,\N,98,6420.0,True
968,tt0056945,The Organiser,I compagni,1963,\N,130,2757.0,True
970,tt0056982,Business People,,1963,\N,84,1154.0,True
975,tt0057163,Hud,Hud,1963,\N,112,21102.0,True
988,tt0057507,Thé Skydivérs,The Skydivers,1963,\N,75,,False
1007,tt0057967,The Sucker,Le corniaud,1965,\N,111,6792.0,True
1026,tt0058404,The Night of the Iguana,,1964,\N,125,11471.0,True
1040,tt0058777,Zulu,Zulu,1964,\N,138,38064.0,True
1057,tt0059229,Juliet of the Spirits,,1965,\N,137,13212.0,True
1067,tt0059538,Old Surehand,Old Surehand,1965,\N,90,1427.0,False
1072,tt0059646,Repulsion,Repulsion,\N,1965,105,51761.0,True
1088,tt0060177,The Blue Max,The Blue Max,1966,\N,156,6759.0,True
1092,tt0060232,The Chase,,\N,1966,134,,True
1108,tt0060675,Máscúlin Féminin,,1966,\N,110,14106.0,True
1113,tt0060934,Thé Sánd Pébblés,,1966,\N,182,14421.0,True
1116,tt0061113,Trans-Europ-Express,Trans-Europ-Express,1966,\N,105,1743.0,True
1125,tt0061198,Old Firehand,Winnetou und sein Freund Old Firehand,1966,\N,98,1134.0,False
1135,tt0061465,Chélséá Girls,Chelsea Girls,1966,\N,210,1294.0,False
1143,tt0061592,Doomsday Machine,Doomsday Machine,\N,1972,83,1134.0,False
1146,tt0061619,El Dorado,,1966,\N,126,26039.0,True
1155,tt0061765,Hillbillys in a Haunted House,,1967,\N,86,1243.0,False
1161,tt0061826,It!,,1967,\N,96,1060.0,False
1177,tt0062266,The Shuttered Room,The Shuttered Room,1967,\N,99,1719.0,False
1184,tt0062467,Wáit Úntil Dárk,Wait Until Dark,1967,\N,108,29655.0,True
1200,tt0063000,Gamera vs. Viras,Gamera tai uchu kaijû Bairasu,1968,\N,75,1532.0,False
1202,tt0063032,The Great Silence,Il grande silenzio,1968,\N,105,14956.0,True
1218,tt0063458,La Prisonnière,La prisonnière,1968,\N,106,1397.0,True
1238,tt0064106,Le Boucher,Le boucher,1970,\N,93,8328.0,True
1246,tt0064276,Easy Rider,Easy Rider,1969,\N,95,106677.0,True
1252,tt0064429,High School,High School,\N,1968,75,1923.0,True
1253,tt0064443,Hớrrớr Hớúsé,,\N,1969,92,1005.0,False
1260,tt0064691,Moon Zero Two,,1969,\N,100,1517.0,False
1261,tt0064816,La Piscine,,1969,\N,122,9540.0,True
1285,tt0065531,Le Cercle Rouge,,1970,\N,140,24360.0,True
1289,tt0065662,The Pizza Triangle,Dramma della gelosia (tutti i particolari in cronaca),1970,\N,107,1478.0,True
1291,tt0065744,The Shiver of the Vampires,Le frisson des vampires,1971,\N,95,1767.0,False
1294,tt0065851,The Horror of Frankenstein,The Horror of Frankenstein,1970,\N,95,2510.0,False
1331,tt0066819,The Beguiled,The Beguiled,1971,\N,105,17085.0,True
1351,tt0067128,Get Carter,,\N,1971,112,32287.0,True
1387,tt0068154,Trinity Is Still My Name,Continuavano a chiamarlo Trinità,1971,\N,117,15315.0,True
1395,tt0068264,Ben,Ben,1972,\N,94,2825.0,False
1400,tt0068346,The Mattei Affair,,1972,\N,116,1958.0,True
1403,tt0068371,Godzilla vs. Gigan,Chikyû kogeki meirei: Gojira tai Gaigan,1972,\N,89,4743.0,False
1419,tt0068732,Imágés,,1972,\N,104,6509.0,True
1422,tt0068883,Ludwig,Ludwig,1973,\N,238,4873.0,True
1430,tt0069027,We Won't Grow Old Together,,\N,1972,110,,True
1432,tt0069090,Pink Floyd: Live at Pompeii,,\N,1972,92,9041.0,True
1444,tt0069449,Up the Sandbox,,1972,\N,97,1434.0,False
1446,tt0069464,Virgin Witch,,1972,\N,88,1215.0,False
1452,tt0069762,Badlands,,1973,\N,94,70519.0,True
1453,tt0069810,Bobby,,1973,\N,168,,True
1481,tt0070463,New Mischief by Emil,Nya hyss av Emil i Lönneberga,1972,\N,95,2490.0,True
1483,tt0070509,The Paper Chase,,1973,\N,113,7653.0,True
1493,tt0070735,The Sting,The Sting,1973,\N,129,,True
1494,tt0070809,A River Called Titas,,1973,\N,159,1121.0,True
1497,tt0070903,The Way We Were,The Way We Were,1973,\N,118,24093.0,True
1498,tt0070917,The Wicker Man,,1973,\N,88,77442.0,True
1499,tt0070935,Procession of Memories,,1973,\N,164,1972.0,True
1559,tt0073152,Kings of the Road,,1976,\N,175,5612.0,True
1574,tt0073629,The Rocky Horror Picture Show,The Rocky Horror Picture Show,1975,\N,100,,True
1575,tt0073650,"Salò, or the 120 Days of Sodom",,1975,\N,117,57734.0,False
1583,tt0074187,The Battle of Chile: Part II,,1976,\N,88,1064.0,True
1595,tt0074412,Disco Godfather,,1979,\N,93,1501.0,False
1607,tt0074575,Diamante Lobo,Diamante Lobo,1976,\N,94,1338.0,False
1619,tt0074751,King Kong,King Kong,1976,\N,134,31735.0,False
1627,tt0074937,Murder by Death,Murder by Death,1976,\N,95,36432.0,True
1631,tt0075086,The Pom Pom Girls,,1976,\N,89,1086.0,False
1651,tt0075811,The Sorcerer's Apprentice,Carodejuv ucen,1978,\N,73,1031.0,True
1663,tt0076100,Grand Theft Auto,Grand Theft Auto,1977,\N,84,2677.0,False
1666,tt0076191,The Incredible Melting Man,The Incredible Melting Man,1977,\N,84,4452.0,False
1670,tt0076295,The Last House on Dead End Street,,1973,\N,78,2034.0,False
1684,tt0076749,Maladolescenza,,1977,\N,94,1990.0,False
1692,tt0077199,Thé Bád Néws Béárs Gớ tớ Jápán,,\N,1978,91,,False
1694,tt0077222,Belyy Bim Chernoe ukho,,1977,\N,182,2093.0,True
1697,tt0077248,Blue Collar,Blue Collar,1978,\N,114,8194.0,True
1704,tt0077413,Death on the Nile,Death on the Nile,1978,\N,140,,True
1716,tt0077713,I Spit on Your Grave,Day of the Woman,1978,\N,101,27637.0,False
1717,tt0077729,In a Year with 13 Moons,In einem Jahr mit 13 Monden,1978,\N,124,4043.0,True
1741,tt0078740,Thé Cớncớrdé... Áirpớrt '79,,1979,\N,113,6124.0,False
1743,tt0078754,All That Jazz,,1979,\N,123,30341.0,True
1749,tt0078872,The Black Stallion,The Black Stallion,1979,\N,118,12495.0,True
1764,tt0079372,The Kid with the Golden Arm,Jin bi tong,\N,1979,86,1483.0,True
1782,tt0079858,Scavenger Hunt,,1979,\N,116,2649.0,False
1795,tt0080346,The Alien Dead,,1980,\N,74,1125.0,False
1825,tt0081353,Popeye,,1980,\N,114,31035.0,False
1834,tt0081730,"Run, Waiter, Run!",,1981,\N,88,1934.0,True
1842,tt0082146,Caveman,Caveman,1981,\N,91,7692.0,False
1871,tt0082666,"Ljubi, ljubi, al' glavu ne gubi",,\N,1981,90,1233.0,True
1873,tt0082696,Madman,Madman,1981,\N,88,5553.0,False
1875,tt0082714,Il marchese del Grillo,Il marchese del Grillo,1981,\N,135,3359.0,True
1876,tt0082729,Time Stands Still,,1982,\N,103,1309.0,True
1884,tt0082801,Neighbors,Neighbors,1981,\N,94,7864.0,False
1886,tt0082812,Night School,,1981,\N,88,2694.0,False
1894,tt0083019,Hellhole Women,,\N,1981,102,1050.0,False
1902,tt0083226,Three Brothers,,1981,\N,113,1578.0,True
1920,tt0083745,"Cớmé Báck tớ thé 5 & Dimé Jimmy Déán, Jimmy Déán","Come Back to the 5 & Dime Jimmy Dean, Jimmy Dean",1982,\N,109,4479.0,True
1932,tt0084018,Grand Hotel Excelsior,Grand Hotel Excelsior,1982,\N,115,1153.0,False
1943,tt0084358,Deadly Circuit,Mortelle randonnée,1983,\N,120,2415.0,True
1946,tt0084422,The Night of the Shooting Stars,La notte di San Lorenzo,1982,\N,107,4089.0,True
1953,tt0084573,Raw Force,Raw Force,\N,1982,86,1792.0,False
1969,tt0084780,A Tight Spot,Tesna koza,1982,\N,92,3217.0,True
1970,tt0084786,They Call Me Bruce,They Call Me Bruce,1982,\N,87,1605.0,False
2017,tt0085933,Merry Christmas Mr. Lawrence,,1983,\N,123,16773.0,True
2019,tt0085937,Microwave Massacre,Microwave Massacre,1979,\N,76,2631.0,False
2020,tt0085995,National Lampoon's Vacation,,1983,\N,98,103590.0,True
2021,tt0086005,Never Cry Wolf,Never Cry Wolf,1983,\N,105,8032.0,True
2023,tt0086013,Nightbeast,Nightbeast,1982,\N,80,1687.0,False
2026,tt0086066,The Outsiders,The Outsiders,1983,\N,91,,True
2030,tt0086135,Atlantis Interceptors,,1983,\N,92,1727.0,False
2044,tt0086346,Spacehunter: Adventures in the Forbidden Zone,Spacehunter: Adventures in the Forbidden Zone,1983,\N,90,5778.0,False
2050,tt0086397,The Survivors,The Survivors,\N,1983,103,5031.0,False
2053,tt0086425,Terms of Endearment,Terms of Endearment,1983,\N,132,58341.0,True
2056,tt0086477,The Three Veterans,Tri veteráni,\N,1984,96,1102.0,True
2057,tt0086494,Two of a Kind,,1983,\N,88,4140.0,False
2065,tt0086655,One Deadly Summer,L'été meurtrier,1983,\N,133,4587.0,True
2067,tt0086896,Angel,,\N,1983,94,3487.0,False
2074,tt0086987,Bolero,Bolero,1984,\N,105,5419.0,False
2097,tt0087606,The Legend of Suram Fortress,Ambavi Suramis tsikhitsa,1985,\N,88,1890.0,True
2099,tt0087650,Love and Doves,,1985,\N,107,4569.0,True
2108,tt0087821,Full Moon in Paris,,1984,\N,101,4451.0,True
2112,tt0087892,A Passage to India,,1984,\N,164,,True
2127,tt0088299,Twist and Shout,,1984,\N,108,,True
2144,tt0088961,Creature,,1985,\N,95,3745.0,False
2157,tt0089280,Hobgoblins,,\N,1988,88,12838.0,False
2167,tt0089569,Maxie,,1985,\N,98,1080.0,False
2170,tt0089603,Mishimá: Á Lifé in Fớúr Cháptérs,,1985,\N,120,10736.0,True
2189,tt0090009,She,,1984,\N,106,1605.0,False
2194,tt0090152,That's Dancing!,That's Dancing!,1985,\N,105,1048.0,True
2219,tt0091027,Eye of the Tiger,Eye of the Tiger,1986,\N,92,1991.0,False
2234,tt0091256,Pérmissiớn,,1987,\N,137,1467.0,True
2245,tt0091538,Mona Lisa,,1986,\N,104,16063.0,True
2248,tt0091560,Mớúntáintớp Mớtél Mássácré,,\N,1983,95,1532.0,False
2270,tt0092048,Tampopo,,1985,\N,114,,True
2300,tt0092802,Cross My Heart,,1987,\N,90,,False
2302,tt0092809,The Curse,,1987,\N,92,3143.0,False
2312,tt0093093,The Glass Menagerie,,1987,\N,134,2036.0,True
2322,tt0093176,Prom Night II,Hello Mary Lou: Prom Night II,1987,\N,97,5995.0,False
2329,tt0093258,Rouge,Yim ji kau,1987,\N,96,2317.0,True
2344,tt0093596,Nadine,,\N,1987,83,4000.0,False
2354,tt0093833,Redneck Zombies,,1989,\N,84,3031.0,False
2368,tt0094077,Surf Nazis Must Die,Surf Nazis Must Die,1987,\N,83,5584.0,False
2370,tt0094122,Terminal Exposure,Terminal Exposure,\N,1987,105,,False
2396,tt0094828,Camille Claudel,Camille Claudel,1988,\N,175,6630.0,True
2410,tt0095179,Friday the 13th Part VII: The New Blood,Friday the 13th Part VII: The New Blood,1988,\N,88,35743.0,False
2418,tt0095296,Hero and the Terror,,1988,\N,96,3816.0,False
2424,tt0095409,Johnny Be Good,Johnny Be Good,1988,\N,91,6583.0,False
2432,tt0095530,Little Dorrit,,1987,\N,357,1106.0,True
2446,tt0095922,Psycho Cop,,1989,\N,87,1245.0,False
2451,tt0096018,Running on Empty,Running on Empty,1988,\N,116,15401.0,True
2468,tt0096378,Vibes,Vibes,1988,\N,99,4194.0,False
2472,tt0096804,American Ninja 3: Blood Hunt,American Ninja 3: Blood Hunt,1989,\N,89,5308.0,False
2498,tt0097521,Homer and Eddie,,1989,\N,100,1852.0,False
2499,tt0097527,The Horror Show,,\N,1989,95,3866.0,False
2502,tt0097539,In the Line of Duty IV,Wong ga si je IV: Jik gik jing yan,1989,\N,94,1351.0,True
2513,tt0097814,Kiki's Delivery Service,,1989,\N,103,135274.0,True
2518,tt0097884,May Fools,,1990,\N,107,3096.0,True
2529,tt0098136,Prớm Night III: Thé Lást Kiss,Prom Night III: The Last Kiss,1990,\N,97,2170.0,False
2534,tt0098251,Blood and Sand,,1989,\N,113,1066.0,False
2535,tt0098257,Savage Beach,Savage Beach,1989,\N,92,,False
2549,tt0098554,Uncle Buck,,1989,\N,100,91079.0,True
2557,tt0099143,Black Rainbow,Black Rainbow,1989,\N,103,1655.0,False
2560,tt0099266,My Mother's Castle,Le château de ma mère,1990,\N,98,5125.0,True
2563,tt0099384,Death Spa,Death Spa,1988,\N,88,2366.0,False
2574,tt0099654,Ghost Dad,,1990,\N,83,7866.0,False
2585,tt0099832,Impulse,,1990,\N,109,,False
2589,tt0100046,The Long Walk Home,,1990,\N,97,3827.0,True
2591,tt0100050,Lớớk Whớ's Tálking Tớớ,Look Who's Talking Too,1990,\N,81,45944.0,False
2617,tt0100747,Auntie Danielle,Tatie Danielle,\N,1990,112,3475.0,True
2618,tt0100814,Tremors,Tremors,1990,\N,96,,True
2619,tt0100904,Watchers II,,1990,\N,101,1084.0,False
2635,tt0101523,The Butcher's Wife,The Butcher's Wife,1991,\N,107,8394.0,False
2648,tt0101761,Thé Dớớrs,,\N,1991,140,89247.0,True
2650,tt0101864,Crazy Safari,,1991,\N,96,1133.0,False
2670,tt0102569,A Nymphoid Barbarian in Dinosaur Hell,,1990,\N,82,1673.0,False
2675,tt0102721,Proof,Proof,1991,\N,86,6569.0,True
2687,tt0102996,Strictly Business,Strictly Business,1991,\N,84,1999.0,False
2710,tt0103927,Carry on Columbus,Carry on Columbus,1992,\N,91,2321.0,False
2734,tt0104662,The Dark Side of the Heart,El lado oscuro del corazón,1992,\N,127,3616.0,True
2758,tt0105179,Prom Night IV: Deliver Us from Evil,,1991,\N,92,1766.0,False
2772,tt0105602,Titớ ánd Mé,Tito i ja,1992,\N,118,5587.0,True
2776,tt0105719,The Vagrant,,\N,1992,91,1559.0,False
2789,tt0106341,Bad Boy Bubby,Bad Boy Bubby,\N,1993,114,13444.0,True
2790,tt0106343,The Bride with White Hair II,Bak fat moh lui zyun II,1993,\N,80,1060.0,False
2819,tt0107130,A Home of Our Own,A Home of Our Own,1993,\N,104,3228.0,True
2841,tt0107692,Ninja Scroll,Jûbê ninpûchô,1993,\N,94,36296.0,True
2864,tt0108275,The Searchers,,1993,\N,108,,False
2866,tt0108311,The Temp,The Temp,1993,\N,96,3239.0,False
2867,tt0108339,Ticks,,1993,\N,85,4702.0,False
2874,tt0108551,What's Love Got to Do with It,,1993,\N,118,20131.0,True
2875,tt0108565,Wide Sargasso Sea,Wide Sargasso Sea,1993,\N,98,2037.0,False
2898,tt0109456,Color of Night,Color of Night,1994,\N,121,23641.0,False
2903,tt0109517,Cyborg Cop,,1993,\N,95,1176.0,False
2913,tt0109791,Felidae,,1994,\N,82,4306.0,True
2914,tt0109798,Revenge of the Musketeers,La fille de d'Artagnan,1994,\N,125,3320.0,False
2922,tt0109965,Guyver: Dark Hero,,1994,\N,127,3387.0,False
2923,tt0110022,The Hidden II,The Hidden II,1993,\N,93,1428.0,False
2932,tt0110169,It's Pat: The Movie,,1994,\N,77,9825.0,False
2934,tt0110201,Háil thé Júdgé,Gau ban ji ma goon: Bak min Bau Ching Tin,1994,\N,106,3709.0,True
2955,tt0110649,The New Age,,1994,\N,112,1149.0,False
2963,tt0110857,Pớlicé Ácádémy: Missiớn tớ Mớscớw,,1994,\N,83,33263.0,False
2964,tt0110877,Thé Pớstmán,Il postino,1994,\N,108,35429.0,True
2978,tt0111216,Slaughter of the Innocents,Slaughter of the Innocents,1993,\N,104,1020.0,False
2992,tt0112366,Guardian Angels,,\N,1995,110,,False
2995,tt0112389,The Thief and the Cobbler,,1993,\N,90,3928.0,True
2997,tt0112435,The Baby-Sitters Club,,\N,1995,94,,False
3002,tt0112499,The Big Green,,1995,\N,100,,False
3012,tt0112682,The City of Lost Children,,1995,\N,112,67095.0,True
3031,tt0113403,A Midwinter's Tale,,\N,1995,99,2540.0,True
3033,tt0113442,It Takes Two,,1995,\N,101,22031.0,False
3037,tt0113500,Jury Duty,,1995,\N,88,7926.0,False
3043,tt0113627,Leaving Las Vegas,,1995,\N,111,120030.0,True
3048,tt0113749,Mallrats,Mallrats,1995,\N,94,,True
3054,tt0113824,Whisper of the Heart,Mimi wo sumaseba,1995,\N,111,58060.0,True
3069,tt0114196,Proteus,Proteus,1995,\N,97,1140.0,False
3081,tt0114508,Species,Species,1995,\N,108,78430.0,False
3099,tt0115433,101 Dalmatians,101 Dalmatians,1996,\N,103,108573.0,False
3107,tt0115639,Beautiful Girls,,1996,\N,112,32514.0,True
3110,tt0115658,Bérnié,,1996,\N,87,,True
3116,tt0115738,Bớx ớf Mớớnlight,Box of Moonlight,1996,\N,112,5578.0,True
3118,tt0115744,Brassed Off,,1996,\N,108,19448.0,True
3119,tt0115751,Bréáking thé Wávés,Breaking the Waves,1996,\N,159,65164.0,True
3125,tt0115940,A Summer's Tale,,1996,\N,113,7522.0,True
3149,tt0116514,Hellraiser: Bloodline,,1996,\N,85,20729.0,False
3154,tt0116692,Beyond Silence,,1996,\N,109,4292.0,True
3160,tt0116752,Drifting Clouds,,1996,\N,97,7572.0,True
3164,tt0116791,Killer Condom,,1996,\N,107,3012.0,False
3176,tt0117039,Michael Collins,,1996,\N,133,30861.0,True
3202,tt0117611,Shadow Builder,,1998,\N,101,1565.0,False
3208,tt0117768,The Stupids,,\N,1996,94,,False
3210,tt0117802,Swingers,,1996,\N,96,,True
3217,tt0117924,To Gillian on Her 37th Birthday,,1996,\N,93,4827.0,False
3222,tt0118073,A Very Brady Sequel,A Very Brady Sequel,1996,\N,90,10635.0,False
3232,tt0118663,B*Á*P*S,B*A*P*S,1997,\N,91,5327.0,False
3250,tt0119008,Donnie Brasco,Donnie Brasco,1997,\N,127,,True
3254,tt0119072,The First Semester,,\N,1997,95,1432.0,False
3271,tt0119250,Firéwớrks,Hana-bi,\N,1997,103,29586.0,True
3274,tt0119282,Hercules,,1997,\N,93,218490.0,True
3279,tt0119361,In thé Cớmpány ớf Mén,,\N,1997,97,13518.0,True
3302,tt0119887,The Pest,The Pest,1997,\N,84,8383.0,False
3312,tt0120088,Wicked,,1998,\N,88,3014.0,False
3315,tt0120125,The Barber of Siberia,,1998,\N,180,,True
3327,tt0120324,A Simple Plan,A Simple Plan,1998,\N,121,67538.0,True
3344,tt0120689,The Green Mile,,\N,1999,189,1218745.0,True
3359,tt0120789,Pléásántvillé,Pleasantville,1998,\N,124,126079.0,True
3379,tt0123221,Júst thé Tickét,,1998,\N,115,1945.0,False
3381,tt0123335,Zátớichi's Révéngé,,1965,\N,84,1309.0,True
3387,tt0124207,The Thief,,1997,\N,96,5214.0,True
3425,tt0131436,I Got the Hook Up,I Got the Hook Up,1998,\N,93,,False
3435,tt0133363,Lớvérs ớf thé Árctic Circlé,Los amantes del Círculo Polar,1998,\N,112,18746.0,True
3436,tt0133826,Guru,Guru,1997,\N,136,3065.0,True
3437,tt0134084,Scream 3,,2000,\N,116,131253.0,False
3444,tt0135673,The Auntie from Chicago,I theia apo to Chicago,1957,\N,72,1616.0,True
3452,tt0138097,Shakespeare in Love,Shakespeare in Love,1998,\N,123,,True
3456,tt0138681,Thé Ớppớrtúnists,The Opportunists,2000,\N,90,1186.0,False
3479,tt0142236,Dragon Ball Z: Revival Fusion,,1995,\N,51,10585.0,True
3485,tt0143422,Áméricán Virgin,,\N,1999,88,,False
3488,tt0143907,Country of the Deaf,Strana glukhikh,1998,\N,105,1393.0,True
3501,tt0145653,Ángélá's Áshés,,1999,\N,145,21483.0,True
3510,tt0149601,Cholera Street,Agir Roman,1997,\N,120,10839.0,True
3518,tt0152015,Pola X,,1999,\N,134,4796.0,False
3522,tt0155388,The Winslow Boy,,1999,\N,104,,True
3540,tt0158011,The Eternal,,1998,\N,95,1496.0,False
3555,tt0162973,Get Real,,1998,\N,108,13945.0,True
3567,tt0164982,Zatoichi Goes to the Fire Festival,,1970,\N,96,1300.0,True
3569,tt0165078,After Life,,1998,\N,119,11291.0,True
3591,tt0167350,Progeny,Progeny,1998,\N,98,1570.0,False
3594,tt0167456,Thunderbirds,Thunderbirds,2004,\N,95,13690.0,False
3603,tt0168972,Love & Pop,Love & Pop,1998,\N,110,1352.0,True
3632,tt0176326,Without Evidence,Without Evidence,1995,\N,99,1072.0,False
3639,tt0177749,Enlightenment Guaranteed,,1999,\N,109,1306.0,True
3644,tt0179183,Fortress 2: Re-Entry,Fortress 2,2000,\N,92,6889.0,False
3674,tt0185431,Little Nicky,Little Nicky,2000,\N,90,102532.0,False
3684,tt0187318,Moondram Pirai,,\N,1982,143,2783.0,True
3686,tt0188030,Butterfly,,1999,\N,96,8794.0,True
3698,tt0190590,"O Brother, Where Art Thou?",,2000,\N,107,300505.0,True
3724,tt0199354,Be There or Be Square,Bu jian bu san,1998,\N,103,1194.0,True
3738,tt0202623,The Third Wheel,The Third Wheel,2002,\N,91,4731.0,False
3744,tt0203632,The Princess and the Warrior,Der Krieger und die Kaiserin,2000,\N,135,14415.0,True
3752,tt0206334,Gen-X Cops,Dak ging san yan lui,1999,\N,114,,False
3755,tt0207341,Biwi Nớ. 1,,\N,1999,159,5678.0,False
3756,tt0208032,Canone inverso - Making Love,Canone inverso - Making Love,2000,\N,107,,True
3767,tt0210916,Postmen in the Mountains,,1999,\N,93,1510.0,True
3774,tt0211941,Beat,,2000,\N,93,1531.0,False
3844,tt0236397,Death Has Blue Eyes,,1976,\N,80,,False
3849,tt0237309,His Highness Abdullah,His Highness Abdullah,1990,\N,156,1281.0,True
3859,tt0240419,La Ciénaga,,2001,\N,103,6380.0,True
3862,tt0240641,"Just, Melvin: Just Evil",,2000,\N,96,1643.0,True
3865,tt0241527,Harry Potter and the Sorcerer's Stone,Harry Potter and the Sorcerer's Stone,2001,\N,152,715598.0,True
3866,tt0241663,To the Left of the Father,Lavoura Arcaica,2001,\N,163,1813.0,True
3875,tt0242601,Thé Bớớk ớf Stớné,El libro de piedra,1969,\N,99,1026.0,True
3879,tt0243876,The Duel,,2000,\N,106,1643.0,False
3881,tt0244479,Dark Blue World,,2001,\N,112,5742.0,True
3892,tt0245837,Chúnhyáng,,\N,2000,116,1657.0,True
3909,tt0248617,Yaadein...,,2001,\N,171,3427.0,False
3914,tt0249188,Thoovanathumbikal,,1987,\N,151,3967.0,True
3917,tt0250125,Under the Skin of the City,Zir-e poost-e shahr,\N,2001,92,1491.0,True
3921,tt0251174,Chilly Dogs,,2001,\N,86,1696.0,False
3933,tt0252489,The Chaos Class Is on Vacation,,1977,\N,97,17419.0,True
3939,tt0253143,Inek Saban,,1978,\N,71,4060.0,True
3943,tt0253622,The Stupid Millionaire,Salak Milyoner,1974,\N,84,7198.0,True
3949,tt0253970,Yüz Numarali Adam,,1978,\N,79,5489.0,True
3970,tt0258470,Bubble Boy,Bubble Boy,2001,\N,84,32701.0,False
3971,tt0258827,Girls ớn Tớp,,2001,\N,90,4115.0,False
3997,tt0264051,Sultan,,1978,\N,88,3584.0,True
4003,tt0265086,Bláck Háwk Dớwn,,2001,\N,144,380848.0,True
4009,tt0265343,Monsoon Wedding,Monsoon Wedding,2001,\N,114,25440.0,True
4018,tt0266875,Raat,Raat,1992,\N,127,1103.0,True
4040,tt0270919,Ditto,Donggam,2000,\N,110,2052.0,True
4051,tt0272736,Let's Be Friends!,,2002,\N,149,5416.0,False
4073,tt0278501,In Harihar Nagar,In Harihar Nagar,1990,\N,133,3550.0,True
4090,tt0280949,Miranda,Miranda,2002,\N,90,1937.0,False
4101,tt0282687,Life or Something Like It,,2002,\N,103,25003.0,False
4110,tt0284137,Gádár: Ék Prém Káthá,,2001,\N,170,10848.0,True
4119,tt0286009,Les rois mages,,2001,\N,102,2221.0,False
4128,tt0287803,Fate: Tales About Darkness,,2001,\N,119,5595.0,True
4132,tt0288869,Privates Lives,,2001,\N,97,1156.0,False
4136,tt0289616,Whacked!,Whacked!,2002,\N,91,2320.0,False
4147,tt0291579,"Hé Lớvés Mé, Hé Lớvés Mé Nớt",,2002,\N,92,18823.0,True
4152,tt0292610,No Good Deed,No Good Deed,2002,\N,97,,False
4161,tt0294939,The Bomber,,2001,\N,128,2004.0,False
4162,tt0295375,More Ants in the Pants,,2002,\N,85,2998.0,False
4198,tt0303933,Drúmliné,,2002,\N,118,,False
4199,tt0303970,Geung see dai si doi,Geung see dai si doi,2003,\N,112,1413.0,False
4213,tt0306846,"No Pain, No Gain","No Pain, No Gain",2004,\N,129,3416.0,False
4215,tt0307076,Lovers & Leavers,,2002,\N,117,1710.0,False
4233,tt0310149,Thé Princéss Bládé,,2001,\N,92,2990.0,False
4236,tt0310281,A Mighty Wind,A Mighty Wind,2003,\N,91,27392.0,True
4243,tt0312528,The Cat in the Hat,The Cat in the Hat,2003,\N,82,,False
4245,tt0312859,Kannathil Muthamittal,,2002,\N,136,,True
4247,tt0313542,Rúnáwáy Júry,,\N,2003,127,95176.0,True
4269,tt0317226,Marooned in Iraq,,\N,2002,100,1464.0,True
4270,tt0317234,Páintéd Firé,,2002,\N,120,2669.0,True
4274,tt0318034,Rússián Árk,Russkiy kovcheg,2002,\N,99,20033.0,True
4283,tt0320512,The Smashing Machine,The Smashing Machine,2002,\N,93,1735.0,True
4293,tt0325675,Boats Out of Watermelon Rinds,Karpuz Kabugundan Gemiler Yapmak,2004,\N,97,5910.0,True
4297,tt0326600,Máiné Dil Tújhkớ Diyá,Maine Dil Tujhko Diya,2002,\N,154,1177.0,False
4325,tt0329774,xXx: State of the Union,xXx: State of the Union,2005,\N,101,,False
4332,tt0332136,If Only,,2004,\N,92,32192.0,True
4341,tt0334405,Spellbound,,\N,2002,97,12170.0,True
4342,tt0334416,Stevie,,2002,\N,140,2608.0,True
4370,tt0340110,Fát Pizzá,Fat Pizza,2003,\N,96,3573.0,False
4375,tt0342150,Bukowski: Born into This,,2003,\N,130,3473.0,True
4398,tt0349113,Ax 'Em,,1992,\N,71,1968.0,False
4419,tt0354538,Ek Aur Ek Gyarah: By Hook or by Crook,,2003,\N,144,1980.0,False
4422,tt0356159,Hellbent,Hellbent,2004,\N,84,2471.0,False
4423,tt0356443,Thé Bridgé ớf Sán Lúis Réy,,2004,\N,120,3505.0,False
4429,tt0357585,Decoys,,2004,\N,95,4899.0,False
4451,tt0362129,Seeing Other People,Seeing Other People,2004,\N,90,2936.0,False
4472,tt0366518,Breaking Dawn,,2004,\N,87,1574.0,False
4478,tt0366905,Pippi Longstocking,Pippi Långstrump,1969,\N,100,4551.0,True
4500,tt0369258,Bal-Can-Can,Bal-Kan-Kan,\N,2005,89,2617.0,True
4507,tt0370082,Wishing Stáirs,Yeogo goedam 3: Yeowoo gyedan,\N,2003,100,3101.0,False
4511,tt0372279,Festival Express,,2003,\N,90,2274.0,True
4519,tt0373469,Kiss Kiss Bang Bang,,2005,\N,103,222213.0,True
4545,tt0376720,The Last Run,The Last Run,2004,\N,97,1601.0,False
4547,tt0376990,"Die Wilden Kerle: Alles ist gut, solange du wild bist!","Die Wilden Kerle: Alles ist gut, solange du wild bist!",2003,\N,94,,False
4557,tt0378194,Kill Bill: Vol. 2,Kill Bill: Vol. 2,2004,\N,137,721266.0,True
4564,tt0379240,Dead Fish,,2005,\N,98,3331.0,False
4573,tt0380420,Freshman Orientation,,2004,\N,92,,False
4598,tt0383574,Pirates of the Caribbean: Dead Man's Chest,,2006,\N,151,681807.0,True
4607,tt0385277,The Music Man,,2007,\N,107,8417.0,True
4611,tt0385677,Ellis in Glamourland,Ellis in Glamourland,2004,\N,95,1112.0,False
4635,tt0388318,Frozen Land,,2005,\N,130,5810.0,True
4648,tt0390531,The Danish Experience,El tagrubah el danemarkiyyah,2003,\N,109,2000.0,False
4702,tt0403579,Our Own,,2004,\N,111,1293.0,True
4717,tt0407265,Transamerica,Transamerica,2005,\N,103,41032.0,True
4738,tt0411195,Breakfast on Pluto,,2005,\N,128,21968.0,True
4755,tt0415160,Minotaur,,\N,2006,93,4729.0,False
4756,tt0415345,Seven Mummies,,2006,\N,80,2504.0,False
4761,tt0415855,Hotel,Hotel,2004,\N,76,1545.0,False
4765,tt0416316,Wolfhound,,2006,\N,136,4001.0,False
4770,tt0417385,12 and Holding,,\N,2005,95,6878.0,True
4778,tt0419491,Believe in Me,Believe in Me,2006,\N,131,1003.0,True
4782,tt0419992,My Brother... Nikhil,,2005,\N,120,1255.0,True
4788,tt0420757,Man About Town,Man About Town,2006,\N,96,7884.0,False
4799,tt0422015,The Ax,Le couperet,2005,\N,117,7901.0,True
4801,tt0422320,Ghilli,,2004,\N,160,13649.0,True
4803,tt0422460,2 Girls,,2005,\N,107,1598.0,False
4818,tt0424774,The Adventures of Sharkboy and Lavagirl 3-D,,\N,2005,93,36012.0,False
4819,tt0424823,Balls of Fury,,2007,\N,90,41924.0,False
4832,tt0425743,American Soldiers,,2005,\N,103,2479.0,False
4844,tt0427309,The Great Debaters,,2007,\N,126,57661.0,True
4849,tt0427944,Thank You for Smoking,Thank You for Smoking,2005,\N,92,217695.0,True
4867,tt0430912,Básic Instinct 2,,2006,\N,114,38872.0,False
4883,tt0435776,The White Diamond,,\N,2004,88,4625.0,True
4893,tt0438052,The Gene Generation,The Gene Generation,2007,\N,96,2722.0,False
4894,tt0438205,Mad Hot Ballroom,,2005,\N,105,3458.0,True
4896,tt0438486,Ten 'til Noon,,2006,\N,83,1295.0,False
4904,tt0440963,Thé Bớúrné Últimátúm,The Bourne Ultimatum,2007,\N,115,619929.0,True
4905,tt0441117,Balance and Movement,,2005,\N,94,1055.0,False
4914,tt0443455,Bránd Úpớn thé Bráin!,,2006,\N,95,3507.0,True
4922,tt0444849,Karam,,\N,2005,117,,False
4934,tt0448134,Sunshine,,2007,\N,107,243182.0,True
4938,tt0449471,Cátácớmbs,,2007,\N,92,8664.0,False
4940,tt0449573,Cálifớrniá Dréámin',California Dreamin' (Nesfarsit),2007,\N,155,,True
4945,tt0450259,Blớớd Diámớnd,Blood Diamond,2006,\N,143,524580.0,True
4946,tt0450336,Blood Creek,Town Creek,2009,\N,90,12081.0,False
4954,tt0451102,The Lost,The Lost,2006,\N,119,2722.0,False
4976,tt0455499,Garfield: A Tail of Two Kitties,Garfield: A Tale of Two Kitties,2006,\N,82,41517.0,False
4996,tt0459449,M. Kumaran S/O Mahalakshmi,M. Kumaran S/O Mahalakshmi,2004,\N,166,1155.0,True
5007,tt0462229,Code Name: The Cleaner,,2007,\N,84,11628.0,False
5008,tt0462244,Daddy Day Camp,Daddy Day Camp,2007,\N,89,16469.0,False
5033,tt0467003,Sye,,2004,\N,167,2232.0,True
5035,tt0467167,Beneath,,\N,2007,82,4237.0,False
5056,tt0473064,Doomsday: The Sinking of Japan,Nihon chinbotsu,2006,\N,135,1443.0,False
5081,tt0476695,The Sovereign's Servant,,2007,\N,131,1387.0,False
5082,tt0476735,My Father and My Son,,2005,\N,112,83877.0,True
5090,tt0477585,Border Café,,2005,\N,107,2066.0,True
5091,tt0477857,Sehar,Sehar,2005,\N,125,,True
5102,tt0479143,Rớcky Bálbớá,Rocky Balboa,2006,\N,102,,True
5109,tt0480011,Closure,Straightheads,2007,\N,80,6978.0,False
5141,tt0486946,Wild Hogs,Wild Hogs,2007,\N,100,116834.0,False
5157,tt0489327,Venus,,2006,\N,95,12886.0,True
5158,tt0489458,Drained,O Cheiro do Ralo,2006,\N,112,5000.0,True
5182,tt0494206,Attack of the Gryphon,Attack of the Gryphon,2007,\N,89,,False
5183,tt0494224,Énd ớf thé Liné,,2007,\N,95,4714.0,False
5196,tt0497646,"Nou, dat was het dan!",,2005,\N,80,2151.0,True
5197,tt0497915,Gunda,,1998,\N,129,10283.0,True
5231,tt0762138,Syrup,,2013,\N,90,11592.0,False
5254,tt0780504,Drive,,2011,\N,100,602156.0,True
5269,tt0785007,Over Her Dead Body,,2008,\N,95,24330.0,False
5292,tt0800956,Life in a Metro,,2007,\N,132,11714.0,True
5314,tt0810444,The Pumpkin Karver,,2006,\N,90,1539.0,False
5316,tt0810819,The Danish Girl,,\N,2015,119,176172.0,True
5324,tt0813548,Godavari,Godavari,2006,\N,160,1383.0,True
5328,tt0814768,The Price to Pay,,2007,\N,95,1051.0,False
5334,tt0816692,Interstellar,Interstellar,2014,\N,169,1651772.0,True
5353,tt0825283,Maximum Ride,Maximum Ride,2016,\N,88,4454.0,False
5358,tt0828103,Taking Chances,,2009,\N,99,1384.0,False
5360,tt0829269,Púskás Húngáry,Puskás Hungary,2009,\N,116,1005.0,True
5369,tt0835834,Time to Die,,2007,\N,104,1081.0,True
5371,tt0837791,The Devil's Chair,,\N,2007,91,3036.0,False
5405,tt0857381,I See You,,\N,2006,122,1154.0,False
5428,tt0880440,L'auberge rouge,L'auberge rouge,2007,\N,95,1286.0,False
5431,tt0883398,Dark Reel,,2008,\N,109,1105.0,False
5444,tt0892255,Che: Part One,Che: Part One,2008,\N,134,45590.0,True
5450,tt0893532,Kill Theory,Kill Theory,2009,\N,85,7104.0,False
5475,tt0914799,Brain Dead,Brain Dead,\N,2007,95,,False
5499,tt0937347,Álréády Déád,Already Dead,2007,\N,93,2067.0,False
5502,tt0938341,Tokyo Sonata,,2008,\N,120,9999.0,True
5504,tt0940657,Arthur et la vengeance de Maltazard,,2009,\N,107,9205.0,False
5505,tt0948542,Timboektoe,,2007,\N,110,1393.0,False
5509,tt0951216,Mad Money,Mad Money,2008,\N,104,21240.0,False
5524,tt0963794,The Ruins,The Ruins,2008,\N,90,73716.0,False
5542,tt0978797,One Missed Call 3: Final,Chakushin ari final,2006,\N,109,1939.0,False
5544,tt0981224,Midnight Mớvié,,2008,\N,82,4138.0,False
5608,tt10168672,The Players,,2020,\N,88,1486.0,False
5610,tt10192566,Alone,,2020,\N,92,2902.0,False
5623,tt10230422,Class of '83,,2020,\N,98,5461.0,False
5634,tt10264340,Light from the Tower,Light from the Tower,2020,\N,77,5593.0,False
5654,tt1032821,Tysớn,,2008,\N,90,12495.0,True
5680,tt10441806,The Way We Are,Biz Böyleyiz,2020,\N,121,5154.0,False
5697,tt1050739,Rớádsidé Rớméớ,,2008,\N,93,1436.0,False
5700,tt10516086,Vernost,,2019,\N,82,1743.0,False
5707,tt1053859,The Grudge 3,,2009,\N,90,18232.0,False
5712,tt10549312,Baba Parasi,Baba Parasi,2020,\N,116,3018.0,False
5717,tt1057500,Invictus,Invictus,2009,\N,134,155741.0,True
5720,tt1058008,Sick Nurses,Suay Laak Sai,2007,\N,82,1841.0,False
5722,tt1058743,Pretty Bird,Pretty Bird,2008,\N,120,1124.0,False
5760,tt1077026,"Grande, grosso e... Verdone","Grande, grosso e... Verdone",\N,2008,135,1420.0,False
5783,tt1087856,Hello,Hello,\N,2008,129,2069.0,False
5800,tt10933680,Debt Collectors,The Debt Collector 2,2020,\N,97,3903.0,False
5808,tt1095423,Jớúrnéy tớ Sátúrn,Rejsen til Saturn,2008,\N,90,2824.0,False
5809,tt1095442,Goodbye Solo,,2008,\N,91,5805.0,True
5815,tt10975520,Twilight's Kiss,,\N,2019,92,,True
5820,tt1100051,Bereavement,,2010,\N,109,,False
5825,tt1103256,Red Sands,,2009,\N,89,3500.0,False
5826,tt1103273,Peep World,,2010,\N,79,3689.0,False
5831,tt11044858,Nocturne,Nocturne,2020,\N,90,7650.0,False
5841,tt1109477,The Human Contract,,2008,\N,103,2170.0,False
5860,tt11199410,The Princess Switch: Switched Again,The Princess Switch: Switched Again,2020,\N,96,10121.0,False
5895,tt11312700,Práthi Pớớvánkớzhi,Prathi Poovankozhi,2019,\N,102,1431.0,True
5898,tt1131743,Nécrớsis,,2009,\N,90,1027.0,False
5910,tt1134674,ZMD: Zớmbiés ớf Máss Déstrúctiớn,,2009,\N,89,4140.0,False
5936,tt1142433,Pớst Grád,,2009,\N,88,14136.0,False
5941,tt1145157,The Jerk Theory,The Jerk Theory,2009,\N,93,3704.0,False
5945,tt1147684,Fớrgét Mé Nớt,,2009,\N,103,6041.0,False
5954,tt1150947,"Lớvély, Still","Lovely, Still",2008,\N,92,,True
5961,tt1152758,Dear Zachary: A Letter to a Son About His Father,,2008,\N,95,35471.0,True
5963,tt1152827,Super Hybrid,,2010,\N,94,1781.0,False
5968,tt1153706,Dance Flick,,2009,\N,83,12207.0,False
5988,tt11614912,She Dies Tomorrow,She Dies Tomorrow,2020,\N,86,5854.0,False
5999,tt11667452,Márch fớr Fréédớm,March for Freedom,2019,\N,134,1576.0,True
6001,tt1169270,Dớn,,2007,\N,154,1111.0,False
6013,tt11731768,Ká Páé Ránásingám,,2020,\N,177,1790.0,True
6018,tt1174730,City Island,,2009,\N,104,31358.0,True
6052,tt1188985,3some,Castillos de cartón,\N,2009,94,1336.0,False
6068,tt11947256,Oh Manapenne,Oh Manapenne,2021,\N,140,1301.0,True
6071,tt1196134,Crázy ớn thé Ớútsidé,,2010,\N,96,5831.0,False
6101,tt1217565,Radio Day,,2008,\N,100,3343.0,True
6102,tt1217613,Battle Los Angeles,Battle: Los Angeles,2011,\N,116,177810.0,False
6113,tt1224376,Tobruk,Tobruk,2008,\N,102,1088.0,False
6117,tt1228931,Kuruvi,,2008,\N,150,4176.0,False
6118,tt1228987,Let Me In,,\N,2010,116,117558.0,True
6149,tt1241017,Hớw tớ Máké Lớvé tớ á Wớmán,,2010,\N,91,3038.0,False
6154,tt1241721,Thor: Legend of the Magical Hammer,Hetjur Valhallar - Þór,2011,\N,79,1043.0,False
6165,tt1247704,Women in Trouble,Women in Trouble,2009,\N,92,6144.0,False
6166,tt12486200,Sky Tour: The Movie,Sky Tour: The Movie,2020,\N,94,,True
6170,tt1252329,Redwoods,,\N,2009,82,1613.0,False
6195,tt1267319,Hớmé Mớvié,Home Movie,2008,\N,77,4309.0,False
6196,tt12680508,Minor Premise,,\N,2020,95,2096.0,False
6197,tt1268204,Waste Land,Waste Land,\N,2010,99,9055.0,True
6201,tt1270277,Sympathy for Delicious,,2010,\N,96,1965.0,False
6202,tt1270291,Hunter Prey,,2010,\N,88,,False
6220,tt12789558,Belfast,,2021,\N,98,7357.0,True
6224,tt12829958,The Old Ways,The Old Ways,2020,\N,90,4902.0,False
6227,tt1284028,Lớvé thé Béást,,2009,\N,92,2132.0,True
6263,tt1296899,Wake Wood,,2009,\N,90,8269.0,False
6270,tt1305591,Mars Needs Moms,,2011,\N,88,22009.0,False
6271,tt1305806,The Secret in Their Eyes,,2009,\N,129,202723.0,True
6287,tt1313092,Ánimál Kingdớm,Animal Kingdom,2010,\N,113,56634.0,True
6290,tt13131636,Velle,Velle,\N,2021,125,3090.0,True
6304,tt1322306,Éxớrcismús,La posesión de Emma Evans,2010,\N,98,3650.0,False
6310,tt1325723,Choose,,2011,\N,83,4325.0,False
6311,tt13265876,Apex,,2021,\N,94,2898.0,False
6317,tt13279528,What We Wanted,Was wir wollten,2020,\N,93,1681.0,False
6323,tt1332486,Kiss Me Again,,2010,\N,139,1773.0,False
6328,tt13363828,Wé Nééd tớ Dớ Sớméthing,,2021,\N,97,1287.0,False
6350,tt1343727,Dredd,,2012,\N,95,265517.0,True
6358,tt13485172,Gááli Sámpáth,Gaali Sampath,2021,\N,130,3226.0,True
6361,tt1351177,Last of the Living,Last of the Living,2009,\N,88,1788.0,False
6372,tt13613338,Bálámitrá,,2021,\N,104,1002.0,True
6378,tt1365050,Beasts of No Nation,Beasts of No Nation,2015,\N,137,78562.0,True
6387,tt1368491,Undertow,Contracorriente,2009,\N,97,6766.0,True
6403,tt1377278,Defamation,Hashmatsa,2009,\N,91,1930.0,True
6411,tt1388418,Deportees,Ekhrajiha,2007,\N,107,3306.0,False
6417,tt1391092,Marwencol,Marwencol,2010,\N,82,3553.0,True
6434,tt1399053,Monster: The Josef Fritzl Story,,\N,2010,48,1780.0,False
6436,tt1402488,Happy Feet Two,,2011,\N,117,43646.0,False
6440,tt1403981,Remember Me,,2010,\N,113,143112.0,True
6442,tt1404830,The Bannen Way,,2010,\N,93,1852.0,False
6448,tt1407927,180° South,,2010,\N,85,3009.0,True
6452,tt14097376,Climax,,2021,\N,80,2322.0,True
6458,tt1416336,Éxtinctiớn: Thé G.M.Ớ. Chrớniclés,,2011,\N,110,1633.0,False
6462,tt1418712,Outpost: Black Sun,,2012,\N,101,5296.0,False
6470,tt1424327,Eyes Wide Open,Einayim Petukhoth,2009,\N,91,6263.0,True
6479,tt1430077,Dark Feed,Dark Feed,2013,\N,86,1540.0,False
6485,tt14315566,Bartkowiak,Bartkowiak,2021,\N,91,1010.0,False
6486,tt14318430,Why Did You Kill Me?,,2021,\N,83,3720.0,False
6488,tt1433822,The Apparition,The Apparition,2012,\N,83,,False
6490,tt1434443,R,R,2010,\N,99,4701.0,True
6519,tt14565414,Fish and Puddle,Fish and Puddle,2021,\N,76,2080.0,True
6525,tt1462757,The Ghostmaker,The Ghostmaker,2012,\N,91,2246.0,False
6528,tt1466054,Cloudburst,Cloudburst,\N,2011,93,2162.0,True
6530,tt1467304,Thé Húmán Céntipédé (First Séqúéncé),The Human Centipede (First Sequence),2009,\N,92,76691.0,False
6535,tt14723224,The Cost of Deception,Elk*rtuk,2021,\N,125,36686.0,False
6538,tt1477076,Saw: The Final Chapter,Saw 3D,\N,2010,90,95855.0,False
6565,tt14923112,Methagu,Methagu,2021,\N,100,8605.0,True
6575,tt1502417,Ássássins Rún,,2013,\N,88,1541.0,False
6576,tt1503096,Camping 2,Camping 2,2010,\N,99,1313.0,False
6582,tt1507005,Naan Mahaan Alla,Naan Mahaan Alla,2010,\N,132,2345.0,True
6595,tt1516593,Tilva Rosh,,2010,\N,99,1022.0,True
6599,tt1519461,Area 51,,2015,\N,91,13971.0,False
6614,tt1528734,Food Matters,Food Matters,2008,\N,80,4725.0,True
6629,tt1536044,Páránớrmál Áctivity 2,Paranormal Activity 2,2010,\N,91,102002.0,False
6632,tt1537715,Abimm,,2009,\N,108,2301.0,False
6641,tt1543459,Wár Gámés,,2011,\N,93,1331.0,False
6658,tt1559027,D'Agostino,,2012,\N,124,2542.0,False
6661,tt1560978,Rogue River,,2012,\N,81,,False
6666,tt1564369,Scavengers,,2013,\N,94,1001.0,False
6668,tt1564916,Head Over Heels,De Pernas pro Ar,2010,\N,101,2351.0,False
6687,tt15715122,Dybbuk: The Curse Is Real,,\N,2021,112,2270.0,False
6693,tt1577055,Másk Mákér,,2011,\N,90,1883.0,False
6695,tt1578882,Elephant White,,2011,\N,91,10715.0,False
6715,tt1590089,Confessions,,2010,\N,106,37808.0,True
6727,tt1600701,Captifs,,2010,\N,84,2161.0,False
6731,tt1601823,Esrefpasalilar,Esrefpasalilar,2010,\N,100,1956.0,False
6739,tt1606390,All Things Fall Apart,,2011,\N,110,2617.0,False
6741,tt1607577,Love and Other Troubles,Hulluna Saraan,2012,\N,87,1002.0,False
6745,tt1609808,Åsá-Nissé - Wälkớm tớ Knớhúlt,Åsa-Nisse - Wälkom to Knohult,2011,\N,89,1175.0,False
6747,tt1611224,Abraham Lincoln: Vampire Hunter,Abraham Lincoln: Vampire Hunter,2012,\N,105,153273.0,False
6751,tt1613023,"Beats, Rhymes & Life: The Travels of A Tribe Called Quest",,2011,\N,97,,True
6757,tt1617145,Dark Souls,Mørke sjeler,2010,\N,95,1491.0,False
6761,tt1618448,Racing Extinction,Racing Extinction,2015,\N,90,7817.0,True
6763,tt1620680,A Wrinkle in Time,A Wrinkle in Time,\N,2018,109,43581.0,False
6765,tt1620981,The Addams Family,,\N,2019,86,35743.0,False
6770,tt16235128,Gớvindá Gớvindá,Govinda Govinda,2021,\N,139,1011.0,True
6775,tt1629242,Careful What You Wish For,,2015,\N,91,7961.0,False
6779,tt1631867,Edge of Tomorrow,,2014,\N,113,639449.0,True
6796,tt1648190,The Dark Tower,The Dark Tower,2017,\N,95,134659.0,False
6797,tt1648201,For Lovers Only,For Lovers Only,2011,\N,87,1578.0,True
6807,tt1651118,Shápitớ-shớú: Lyúbớv i drúzhbá,Shapito-shou: Lyubov i druzhba,2011,\N,107,1399.0,True
6814,tt1656171,Dam999,,\N,2011,108,1051.0,False
6832,tt1666186,Vampires Suck,,2010,\N,82,48234.0,False
6839,tt1668191,Hunting Season,Av Mevsimi,2010,\N,140,33521.0,True
6845,tt1674775,Keyhole,Keyhole,\N,2011,94,1463.0,False
6846,tt1674785,Drúnk Stớnéd Brilliánt Déád,,2015,\N,98,2275.0,True
6853,tt1680089,Women Vs Men,,2011,\N,98,1604.0,False
6879,tt1702443,Jústin Biébér: Névér Sáy Névér,,\N,2011,105,76182.0,False
6883,tt1705786,Chinese Take-Out,Un cuento chino,2011,\N,93,18074.0,True
6894,tt1712578,The Devil's Rock,The Devil's Rock,2011,\N,83,4174.0,False
6898,tt1714206,The Spectacular Now,The Spectacular Now,2013,\N,95,149300.0,True
6905,tt1718158,Generation Um...,Generation Um...,2012,\N,97,4064.0,False
6907,tt1719665,In Search of the Titanic,Tentacolino,2004,\N,88,1755.0,False
6919,tt1727360,Shé Wánts Mé,,2012,\N,85,3471.0,False
6927,tt1728986,Bol Bachchan,,2012,\N,155,8724.0,False
6928,tt1729637,Bodyguard,Bodyguard,2011,\N,130,25023.0,False
6930,tt1731697,Thé Lớrds ớf Sálém,The Lords of Salem,\N,2012,101,29422.0,False
6935,tt1735907,The Adderall Diaries,,2015,\N,87,4975.0,False
6946,tt1753584,Sexual Chronicles of a French Family,,2012,\N,85,,False
6961,tt1764625,Tad: The Lost Explorer,Las aventuras de Tadeo Jones,2012,\N,92,,False
6977,tt1781812,Exit Humanity,,2011,\N,114,4539.0,False
6987,tt1785669,Vikingdớm,,2013,\N,114,3393.0,False
6989,tt1787837,We Were Here,,2011,\N,90,2150.0,True
7007,tt1801552,Gotti,Gotti,2018,\N,112,14948.0,False
7008,tt1805263,I Ám Kálám,,2010,\N,88,4080.0,True
7018,tt1810697,Meeting Evil,,2012,\N,89,12143.0,False
7028,tt1817676,Girl in Progress,,2012,\N,93,6774.0,False
7037,tt1825163,The Light Bulb Conspiracy,Prêt-à-jeter,2010,\N,75,2199.0,True
7046,tt1828959,Make Your Move,,2013,\N,110,3179.0,False
7050,tt1831806,Thé Thớmpsớns,,2012,\N,82,2321.0,False
7057,tt1838544,Gớné,Gone,2012,\N,94,43628.0,False
7060,tt1839522,Circles,Krugovi,2013,\N,112,4949.0,True
7064,tt1843202,Winning Streak,The Pelayos,2012,\N,100,1646.0,False
7071,tt1851909,Dớráémớn: Nớbitá ánd thé Néw Stéél Trớớps: ~Wingéd Ángéls~,Eiga Doraemon Shin Nobita to tetsujin heidan: Habatake tenshitachi,2011,\N,108,1095.0,True
7080,tt1855401,Tim and Eric's Billion Dollar Movie,Tim and Eric's Billion Dollar Movie,2012,\N,93,9871.0,False
7101,tt1870527,Remains,Remains,2011,\N,88,2282.0,False
7151,tt1934458,Under the Bed,Under the Bed,2012,\N,87,2763.0,False
7165,tt1945039,"Abu, Son of Adam",Adaminte Makan Abu,2011,\N,101,1185.0,True
7166,tt1946298,Thé Lớớkớút,,\N,2012,89,2724.0,False
7182,tt1965162,Boys of Abu Ghraib,,2014,\N,102,2212.0,False
7183,tt1965308,Interreflections,Interreflections,2020,\N,165,,True
7196,tt1985017,Átlás Shrúggéd II: Thé Striké,Atlas Shrugged II: The Strike,2012,\N,111,7130.0,False
7208,tt1998204,Home from Home: Chronicle of a Vision,Die andere Heimat - Chronik einer Sehnsucht,2013,\N,231,1422.0,True
7215,tt2006801,Night of the Living Dead: Resurrection,Night of the Living Dead: Resurrection,2012,\N,86,1460.0,False
7234,tt2039338,Flatliners,,2017,\N,109,45469.0,False
7244,tt2048877,Thé Ámbássádớr,,2011,\N,97,4061.0,True
7248,tt2055709,Blindsided,,2013,\N,90,5386.0,False
7255,tt2061869,Zớmbié Áss: Tớilét ớf thé Déád,,2011,\N,85,2080.0,False
7256,tt2062700,Sớng tớ Sớng,,2017,\N,129,20345.0,False
7258,tt2062996,Something from Nothing: The Art of Rap,Something from Nothing: The Art of Rap,2012,\N,106,3454.0,True
7270,tt2072230,Áttáck ớn Titán Párt 1,Shingeki no kyojin,2015,\N,98,,False
7271,tt2072233,Sleepless,Sleepless,2017,\N,95,31630.0,False
7288,tt2082496,A Bottle in the Gaza Sea,Une bouteille à la mer,2010,\N,100,1075.0,True
7308,tt2107648,Here Comes the Devil,,\N,2012,97,4045.0,False
7391,tt2192100,Gizem Birimi,Gizem Birimi,2013,\N,95,1165.0,True
7403,tt2207072,Eyjafjallajökull,,2013,\N,92,3950.0,False
7424,tt2222394,We Are the Nobles,Nosotros los Nobles,2013,\N,108,9491.0,True
7448,tt2243621,The Snow Queen,Snezhnaya koroleva,\N,2012,80,2539.0,False
7490,tt2295750,It Happened in Saint-Tropez,Des gens qui s'embrassent,2013,\N,100,1038.0,False
7516,tt2318625,Out in the Dark,,2012,\N,96,8243.0,True
7517,tt2320073,A Viking Saga: The Darkest Day,,2013,\N,88,1350.0,False
7518,tt2320968,Back on Track,Sein letztes Rennen,2013,\N,114,2278.0,True
7533,tt2334649,Fruitvale Station,,2013,\N,85,,True
7542,tt2344678,Himmatwala,Himmatwala,2013,\N,150,,False
7556,tt2359810,Ráánjhánáá,,2013,\N,140,31146.0,True
7568,tt2368749,After Lucia,,2012,\N,103,6451.0,True
7577,tt2374144,Gintama the Movie: The Final Chapter - Be Forever Yorozuya,Gekijouban Gintama Kanketsu-hen: Yorozuyayo eien nare,2013,\N,110,2441.0,True
7583,tt2376218,The Forger,,2014,\N,95,12470.0,False
7586,tt2380307,Coco,Coco,2017,\N,105,445022.0,True
7593,tt2382298,Life Itself,Life Itself,2014,\N,121,15397.0,True
7594,tt2385074,Thanatomorphose,,2012,\N,100,1451.0,False
7595,tt2387408,The Damned,Gallows Hill,2013,\N,87,6306.0,False
7598,tt2392447,Ungli,Ungli,2014,\N,114,3817.0,False
7611,tt2398143,Colosio,,2012,\N,100,1235.0,True
7628,tt2409818,Open Windows,Open Windows,2014,\N,100,14149.0,False
7674,tt2481554,Murder of a Cat,Murder of a Cat,2014,\N,101,1611.0,False
7675,tt2486090,Tớ Lớvé Sớmébớdy,,2014,\N,90,1224.0,True
7680,tt2499076,The Crash Reel,,2013,\N,108,4805.0,True
7688,tt2510268,Blood of Redemption,,2013,\N,85,1645.0,False
7689,tt2510434,Alien Abduction,,2014,\N,85,8296.0,False
7691,tt2511190,A Talking Cat!?!,,2013,\N,85,1491.0,False
7705,tt2544734,Bullet,Bullet,2014,\N,87,3526.0,False
7709,tt2552296,Ghadi,Ghadi,2013,\N,100,1099.0,True
7715,tt2564144,Naduvula Konjam Pakkatha Kaanom,Naduvula Konjam Pakkatha Kaanom,2012,\N,155,5626.0,True
7716,tt2564706,Télévisiớn,,2012,\N,106,5327.0,True
7728,tt2582496,Me and Earl and the Dying Girl,,2015,\N,105,128167.0,True
7735,tt2587914,A Matter of Faith,,2014,\N,89,1472.0,False
7738,tt2598580,Dancin': It's on!,,2015,\N,89,1115.0,False
7739,tt2605480,Wahed men el nas,,2007,\N,109,3152.0,True
7752,tt2624866,Dié Präsénz,Die Präsenz,2014,\N,83,1457.0,False
7757,tt2638144,Ben-Hur,,2016,\N,123,43387.0,False
7772,tt2702920,The Secret Garden,,\N,2020,99,7898.0,False
7773,tt2707810,Submission,Submission,2017,\N,106,1297.0,False
7774,tt2711898,Journal d'une femme de chambre,,2015,\N,96,2803.0,False
7780,tt2716382,Sea Fever,,2019,\N,95,10052.0,False
7786,tt2724532,Gridlocked,Gridlocked,2015,\N,110,4456.0,False
7802,tt2772092,Antisocial,Antisocial,2013,\N,90,3326.0,False
7807,tt2788716,Welcome to Me,,2014,\N,87,18734.0,False
7810,tt2797106,Way Back Home,,2013,\N,131,1250.0,True
7818,tt2822578,Gravy,Gravy,2015,\N,95,1606.0,False
7820,tt2823574,Extraction,Extraction,2013,\N,106,1187.0,False
7827,tt2848876,The Painting Pool,The Painting Pool,2013,\N,92,4226.0,True
7837,tt2869728,Ride Along 2,Ride Along 2,2016,\N,102,56559.0,False
7839,tt2873214,Bád Túrn Wớrsé,Bad Turn Worse,2013,\N,92,2110.0,False
7852,tt2901736,Ilo Ilo,,2013,\N,99,4613.0,True
7853,tt2901962,Kummeli V,,2014,\N,102,1023.0,False
7858,tt2911674,Tiger House,Tiger House,2015,\N,80,4400.0,False
7867,tt2924472,Mumbai Police,Mumbai Police,2013,\N,145,6545.0,True
7881,tt2948566,Bleed,,2016,\N,82,1674.0,False
7899,tt2991516,13/13/13,13/13/13,2013,\N,86,2275.0,False
7927,tt3043252,Parched,,2015,\N,116,5182.0,True
7933,tt3061202,"Blue Skies, Green Waters, Red Earth",,2013,\N,137,3685.0,True
7964,tt3127698,Sánctúáry,Freistatt,2015,\N,104,1732.0,True
7971,tt3138782,The Miracle,Mucize,2015,\N,136,12066.0,True
7976,tt3148502,Támáshá,,2015,\N,139,26040.0,True
7995,tt3182644,Moodar Koodam,,\N,2013,145,1281.0,True
8004,tt3198000,Beyond the Trek,Teleios,2017,\N,89,2667.0,False
8006,tt3199456,The Return to Homs,The Return to Homs,2013,\N,94,1028.0,True
8030,tt3261302,Dinosaur Island,,2014,\N,82,,False
8041,tt3280916,The Atticus Institute,The Atticus Institute,2015,\N,83,8643.0,False
8047,tt3293594,The Man in the Trunk,,2019,\N,84,2181.0,False
8058,tt3316960,Still Alice,Still Alice,2014,\N,101,131320.0,True
8092,tt3398268,Whén Márnié Wás Théré,,2014,\N,103,37279.0,True
8094,tt3398788,Hớtél Inférnớ,Hotel Inferno,2013,\N,80,1540.0,False
8095,tt3399484,The Sand,,2015,\N,84,4254.0,False
8125,tt3475596,Anti-Social,Anti-Social,2015,\N,116,2727.0,False
8133,tt3486626,The Nut Job 2: Nutty by Nature,The Nut Job 2: Nutty by Nature,2017,\N,91,6413.0,False
8139,tt3495000,Mardaani,Mardaani,\N,2014,113,12346.0,True
8162,tt3521126,The Disaster Artist,The Disaster Artist,2017,\N,104,146964.0,True
8171,tt3538328,We Are Twisted Fucking Sister!,,2014,\N,135,1668.0,True
8173,tt3540136,Wolf Warrior,Zhan lang,2015,\N,90,4992.0,False
8181,tt3551042,Magi,,2016,\N,132,1998.0,False
8191,tt3563262,Submergence,,2017,\N,112,8117.0,False
8212,tt3607812,The Sheik,The Sheik,2014,\N,95,1174.0,True
8214,tt3610746,Don't Hang Up,,2016,\N,83,14558.0,False
8218,tt3619070,Along Came the Devil,,2018,\N,89,1523.0,False
8220,tt3620762,Anguish,Anguish,2015,\N,91,2211.0,False
8222,tt3625516,MindGamers,MindGamers,2015,\N,97,1025.0,False
8235,tt3665486,Los Scandalous - Skid Row,,\N,2014,100,1374.0,True
8236,tt3668162,Bangalore Days,,2014,\N,171,18920.0,True
8247,tt3685622,600 Miles,,2015,\N,85,2343.0,False
8254,tt3698408,Coming Soon,Pek Yakinda,2014,\N,134,33210.0,True
8259,tt3705822,Mớớntráp: Tárgét Éárth,Moontrap: Target Earth,2017,\N,85,4867.0,False
8265,tt3717532,Thé Lást: Nárútớ thé Mớvié,,2014,\N,112,13654.0,True
8266,tt3717804,England Is Mine,,2017,\N,94,3456.0,False
8292,tt3750872,The Wife,The Wife,2017,\N,99,38524.0,True
8296,tt3772640,She's Dating the Gangster,,\N,2014,105,1047.0,True
8322,tt3824458,Tangerine,Tangerine,2015,\N,88,29672.0,True
8323,tt3827684,The Hollow,The Hollow,2016,\N,128,3265.0,False
8330,tt3839906,Track 143,,2014,\N,94,1704.0,True
8332,tt3848938,Mr. X,,2015,\N,133,,False
8333,tt3850214,Dope,Dope,2015,\N,103,,True
8334,tt3851324,Homies,,2015,\N,100,1053.0,False
8342,tt3872778,Monty Python Live (Mostly),,2014,\N,162,2546.0,True
8346,tt3885736,Munnariyippu,Munnariyippu,2014,\N,112,3929.0,True
8347,tt3893280,Thé Tickét,The Ticket,\N,2016,97,,False
8361,tt3917908,An Insignificant Man,,\N,2016,96,2012.0,True
8376,tt3966544,Lost Soul: The Doomed Journey of Richard Stanley's Island of Dr. Moreau,Lost Soul: The Doomed Journey of Richard Stanley's Island of Dr. Moreau,2014,\N,97,3900.0,True
8379,tt3971732,Karisik Kaset,Karisik Kaset,2014,\N,107,1916.0,False
8381,tt3976144,The Monster,,2016,\N,91,17024.0,False
8382,tt3977848,Sky Sharks,,2020,\N,102,,False
8385,tt3983464,O Pátio das Cantigas,,2015,\N,108,1787.0,False
8391,tt4008652,I Ám Áli,I Am Ali,2014,\N,111,,True
8410,tt4054952,Fáté/Stáy Night: Héávén's Féél - I. Préságé Flớwér,Gekijouban Fate/Stay Night: Heaven's Feel - I. Presage Flower,2017,\N,120,2480.0,True
8428,tt4076760,Diablo,Diablo,2015,\N,90,,False
8429,tt4078856,The Coffin in the Mountain,,2014,\N,119,1627.0,True
8430,tt4080598,100 Yen Love,Hyakuen no koi,2014,\N,113,2037.0,True
8435,tt4085944,Lolo,Lolo,2015,\N,99,3985.0,False
8446,tt4126304,Cartel Land,,2015,\N,100,18265.0,True
8453,tt4144190,Wiener-Dog,Wiener-Dog,2016,\N,88,9968.0,False
8463,tt4156700,Gorko! 2,,2014,\N,96,1045.0,False
8467,tt4163224,Most Likely to Die,,2015,\N,80,4630.0,False
8471,tt4172146,Summer of 8,,\N,2016,88,1227.0,False
8487,tt4195368,Flying Colors,Birigyaru,2015,\N,117,2948.0,True
8499,tt4247144,Bon Bini Holland,,2015,\N,85,,False
8502,tt4255196,Before the Fire,The Great Silence,2020,\N,90,1422.0,False
8506,tt4265508,Amateur Night,Amateur Night,2016,\N,92,5338.0,False
8510,tt4279116,Álién Invásiớn: S.Ú.M.1,Sum1,\N,2017,92,1420.0,False
8519,tt4298958,Swéét Béán,An,2015,\N,113,10773.0,True
8520,tt4299300,My Blind Date with Life,,2017,\N,111,5065.0,True
8532,tt4327752,Lády Blớớdfight,,\N,2016,100,2783.0,False
8544,tt4353250,The Last Black Man in San Francisco,,2019,\N,121,17628.0,True
8545,tt4353996,The King's Choice,,2016,\N,133,8474.0,True
8551,tt4374460,Aferim!,,2015,\N,108,6915.0,True
8557,tt4387040,Airlift,Airlift,2016,\N,130,55579.0,True
8570,tt4428762,Down by Love,,2016,\N,110,1741.0,False
8573,tt4431208,Ice Guardians,,2016,\N,108,1628.0,True
8574,tt4432480,RangiTaranga,,\N,2015,149,13201.0,True
8576,tt4434004,Údtá Púnjáb,,2016,\N,148,29160.0,True
8597,tt4486986,All I See Is You,,2016,\N,109,11678.0,False
8606,tt4516352,Bethany,,2017,\N,90,2670.0,False
8610,tt4519742,Mandira Filozofu Istanbul,,2015,\N,109,1911.0,False
8618,tt4557956,Crásh Pád,,2017,\N,91,4392.0,False
8619,tt4558376,Downhill,,2020,\N,86,11502.0,False
8627,tt4577344,ClownTown,ClownTown,2016,\N,86,1508.0,False
8646,tt4638148,Braid,Braid,\N,2018,82,3245.0,False
8648,tt4643580,Huevos: Little Rooster's Egg-cellent Adventure,,2015,\N,98,1021.0,False
8650,tt4651666,Camera Store,,2017,\N,99,1532.0,False
8652,tt4660980,The Bad Education Movie,,2015,\N,90,6874.0,False
8659,tt4682266,The New Mutants,The New Mutants,2020,\N,94,69410.0,False
8676,tt4729560,The Little Vampire 3D,,2017,\N,83,1610.0,False
8693,tt4769824,In This Cớrnér ớf thé Wớrld,Kono sekai no katasumi ni,2016,\N,129,10074.0,True
8699,tt4796254,Late Shift,,2016,\N,90,1217.0,True
8719,tt4864584,Exorcist: House of Evil,,2016,\N,93,1465.0,False
8734,tt4897822,Where to Invade Next,,2015,\N,120,24407.0,True
8735,tt4898564,Red Devil,Red Devil,2019,\N,93,6306.0,False
8739,tt4901756,Queen of Spades: The Dark Rite,Pikovaya dama. Chyornyy obryad,2015,\N,92,1493.0,False
8768,tt4975920,The Kid,The Kid,2019,\N,100,7949.0,False
8773,tt4990516,You Are My Sunday,,2016,\N,119,1621.0,True
8794,tt5060166,Beyond the Woods,,2018,\N,84,,False
8816,tt5105734,The Kingmaker,The Kingmaker,2019,\N,101,2042.0,True
8826,tt5128328,Naanum Rowdy Thaan,,2015,\N,139,4149.0,True
8851,tt5200814,Hớ Mánn Jáháán,,2015,\N,170,1829.0,True
8867,tt5246700,How It Ends,How It Ends,2018,\N,113,47992.0,False
8880,tt5271442,Máálik,Maalik,2016,\N,155,3767.0,True
8883,tt5275830,Eat That Question: Frank Zappa in His Own Words,Eat That Question: Frank Zappa in His Own Words,2016,\N,93,1262.0,True
8899,tt5295358,Hep Yek,Hep Yek,2016,\N,90,1556.0,False
8902,tt5311546,Natsamrat,Natsamrat,2016,\N,166,6291.0,True
8913,tt5361488,Magellan,Magellan,\N,2017,103,1470.0,False
8914,tt5362988,Wind River,Wind River,2017,\N,107,229957.0,True
8919,tt5419398,Thétá Státés,,\N,2017,95,1671.0,False
8947,tt5477194,Iraivi,,2016,\N,160,3235.0,True
8955,tt5497458,The Watcher,,2016,\N,89,2910.0,False
9020,tt5669936,Thé Récáll,The Recall,2017,\N,90,10404.0,False
9026,tt5686622,Selfie from Hell,,\N,2018,73,1505.0,False
9028,tt5687814,Golden Exits,Golden Exits,2017,\N,94,2122.0,False
9030,tt5688868,Primal Rage: The Legend of Konga,,2018,\N,106,3452.0,False
9032,tt5690142,Mom,Mom,2017,\N,146,10055.0,True
9033,tt5690360,Sléndér Mán,Slender Man,2018,\N,93,,False
9039,tt5700672,Tráin tớ Búsán,,2016,\N,118,196886.0,True
9044,tt5708172,Pớrtá dớs Fúndớs: Cớntrátớ Vitálíciớ,,2016,\N,100,1395.0,False
9062,tt5740866,Whitnéy,Whitney,2018,\N,120,,True
9064,tt5747714,Unbound,Unbound,2020,\N,97,,False
9065,tt5752360,The Female Brain,,2017,\N,98,3191.0,False
9081,tt5795086,Gemini,Gemini,2017,\N,93,4877.0,False
9095,tt5834800,Devil in the Dark,,2017,\N,82,1688.0,False
9107,tt5857968,Kuttrame Thandanai,Kuttrame Thandanai,2016,\N,100,1896.0,True
9117,tt5884784,The Super,The Super,2017,\N,90,20188.0,False
9123,tt5906392,Thondi Muthalum Driksakshiyum,,2017,\N,135,5965.0,True
9154,tt5995602,Tigér,,2017,\N,155,1151.0,True
9160,tt6038042,Madness in the Method,,2019,\N,99,2075.0,False
9161,tt6038600,Smolensk,,2016,\N,120,38461.0,False
9164,tt6046314,Bel Canto,Bel Canto,2018,\N,100,3160.0,False
9165,tt6047030,Superswede: En film om Ronnie Peterson,,2017,\N,88,,True
9175,tt6069126,The Escape,,2017,\N,101,2123.0,False
9176,tt6075718,Blue Spring Ride,,2014,\N,123,1206.0,False
9183,tt6087426,Still/Born,Still/Born,2017,\N,87,3979.0,False
9198,tt6138228,Downrange,Downrange,2017,\N,90,,False
9209,tt6156350,HyperNormalisation,,2016,\N,166,6192.0,True
9216,tt6197094,Beata ignoranza,,2017,\N,102,,False
9232,tt6251024,Office Uprising,Office Uprising,2018,\N,92,12468.0,False
9238,tt6272828,Mubarakan,,2017,\N,156,3816.0,False
9242,tt6284256,Knuckleball,,2018,\N,89,1422.0,False
9243,tt6284564,Hot Dog,Hot Dog,2018,\N,100,1700.0,False
9253,tt6318954,Agramon's Gate,,2019,\N,110,2464.0,False
9256,tt6332276,What We Left Behind: Star Trek DS9,What We Left Behind: Looking Back at Deep Space Nine,2018,\N,116,1672.0,True
9262,tt6343314,Creed II,Creed II,2018,\N,130,116528.0,True
9265,tt6347150,Thé Skin ớf thé Wớlf,Bajo la piel de lobo,\N,2017,110,2880.0,False
9268,tt6352548,Pớstér Bớys,Poster Boys,2017,\N,128,1520.0,False
9281,tt6412452,The Ballad of Buster Scruggs,The Ballad of Buster Scruggs,2018,\N,133,136064.0,True
9288,tt6464678,Housewife,Housewife,2017,\N,82,1498.0,False
9290,tt6470762,Mazinger Z: INFINITY,Mazinger Z: Infinity,2017,\N,95,,False
9291,tt6471264,Suck Me Shakespeer 3,,2017,\N,120,5523.0,False
9300,tt6498644,Eric Clapton: A Life in 12 Bars,Eric Clapton: Life in 12 Bars,2017,\N,135,2229.0,True
9322,tt6560164,Swééthéárt,,2019,\N,82,7643.0,False
9404,tt6883152,The Devil and Father Amorth,The Devil and Father Amorth,2017,\N,68,2255.0,False
9408,tt6923462,Manto,Manto,2018,\N,112,4108.0,True
9423,tt7010412,The Great Buddha+,The Great Buddha+,2017,\N,102,3720.0,True
9429,tt7043534,General Commander,General Commander,2019,\N,85,1287.0,False
9431,tt7050946,American Traitor: The Trial of Axis Sally,,2021,\N,109,,False
9445,tt7125774,Balloon,,2018,\N,125,10634.0,True
9452,tt7161122,Meesaya murukku,Meesaya murukku,\N,2017,136,2333.0,True
9456,tt7188978,Liféchángér,Lifechanger,2018,\N,84,2360.0,False
9458,tt7201846,"Cyrano, My Love",,2018,\N,110,2821.0,True
9465,tt7218732,Cingöz Récái,Cingöz Recai,2017,\N,111,4284.0,False
9475,tt7253506,Joan Didion: The Center Will Not Hold,,2017,\N,94,2141.0,True
9478,tt7257586,Kurangu Bommai,Kurangu Bommai,2017,\N,106,1441.0,True
9486,tt7286456,Joker,Joker,2019,\N,122,1106539.0,True
9512,tt7372728,Wớmén ớf Máfiá,Kobiety mafii,2018,\N,138,1471.0,False
9513,tt7374952,El Chicano,El Chicano,2018,\N,144,,False
9520,tt7394674,Blood Quantum,,2019,\N,98,4073.0,False
9538,tt7502234,Little Tickles,Les chatouilles,2018,\N,103,1249.0,True
9541,tt7523010,Koode,,2018,\N,155,2335.0,True
9580,tt7665476,The Trial,,2018,\N,140,1342.0,True
9587,tt7689958,Jane Fonda in Five Acts,,2018,\N,133,2237.0,True
9600,tt7762982,Sajjan Singh Rangroot,,2018,\N,140,1450.0,True
9607,tt7784604,Hereditary,Hereditary,2018,\N,127,277461.0,True
9613,tt7838252,K.G.F: Cháptér 1,K.G.F: Chapter 1,2018,\N,156,,True
9620,tt7869070,The Fanatic,,2019,\N,88,11506.0,False
9635,tt7917178,Caveat,Caveat,2020,\N,88,3328.0,False
9642,tt7953814,The Foundation of Criminal Excellence,,\N,2018,126,1236.0,True
9643,tt7957694,Thé Lást Súmmér,,2019,\N,109,12570.0,False
9647,tt7976208,The Haunting of Sharon Tate,The Haunting of Sharon Tate,2019,\N,94,3795.0,False
9652,tt7985648,The Legend of Tomiris,Tomiris,\N,2019,156,40892.0,False
9662,tt8011328,Seema Raja,Seema Raja,2018,\N,158,1702.0,False
9665,tt8028600,Demon Eye,,2019,\N,87,2723.0,False
9676,tt8063826,The Bad Nun,,2018,\N,97,2051.0,False
9702,tt8151874,Honey Boy,,2019,\N,94,34061.0,True
9712,tt8201170,The Perfect Date,,2019,\N,89,36707.0,False
9721,tt8274146,One Day,Egy nap,2018,\N,99,1055.0,True
9731,tt8328716,Doom: Annihilation,,2019,\N,96,8919.0,False
9744,tt8359816,Sorry We Missed You,Sorry We Missed You,2019,\N,101,20322.0,True
9783,tt8546144,Ekta,,2019,\N,99,1023.0,True
9791,tt8615136,Hammamet,,2020,\N,126,1459.0,False
9792,tt8615732,Leaving Afghanistan,Bratstvo,2019,\N,113,1079.0,False
9833,tt8857666,Diablo. The race for everything,,2019,\N,106,1079.0,False
9838,tt8896632,Max Winslow and the House of Secrets,Max Winslow and the House of Secrets,2019,\N,98,2046.0,False
9864,tt9016016,Saint Frances,Saint Frances,2019,\N,101,,True
9882,tt9107368,Bob Lazar: Area 51 & Flying Saucers,Bob Lazar: Area 51 & Flying Saucers,2018,\N,97,5687.0,False
9904,tt9196192,Cuties,,2020,\N,96,29615.0,False
9915,tt9248934,Marjaavaan,,2019,\N,152,3659.0,False
9920,tt9264336,Driving Licence,,2019,\N,135,2883.0,True
9928,tt9348296,Oh Baby,Oh Baby...,\N,2019,161,2231.0,True
9933,tt9364684,Debt Fees,Borç Harç,2019,\N,90,4560.0,False
9934,tt9378950,Ghost,,2019,\N,130,2713.0,False
9938,tt9415552,Tankers,,2018,\N,90,1705.0,False
9947,tt9484998,Palm Springs,,2020,\N,90,137884.0,True
9971,tt9664108,Voyagers,Voyagers,2021,\N,108,15793.0,False
9987,tt9808510,Vellam,Vellam,2021,\N,154,1731.0,True
9997,tt9900782,Kaithi,Kaithi,2019,\N,145,,True
